"V1","V2","V3","V4","V5","V6","V7","V8","V9","V10","V11","V12","V13","V14","V15","V16","V17","V18","V19","V20","V21"
1.75460152649325,1.51100673240812,1.43252546357804,1.39873232360797,1.19736973391201,1.12034114840071,1.0909062155699,1.02723485726214,1.04571643382303,0.981854002986087,0.985953733911051,1.06470612570026,1.13405726501809,1.25070163070067,1.17429205618411,1.34569903545972,1.4749648350757,1.64468078175259,1.66274213963962,1.91893813743782,2.10327290144785
-0.139842620969633,-0.23442303710558,-0.174931878639215,-0.106275059762902,0.115987093425131,0.188133223170099,0.427912596187518,0.648524518029665,0.792820948697043,0.701694879223312,0.764525222822822,0.616754694065697,0.502870372319965,0.451119231059803,0.457261576613675,0.473290531257617,0.627469739415208,0.846119828632451,0.948206973690304,1.21982437072932,1.28018043458779
-0.1418385078217,-0.16136100228483,-0.245532746309953,-0.150049698381366,0.0598820341928547,0.257130159953263,0.332337431490412,0.425270579143643,0.63095532477562,0.758878565058396,0.537741639075507,0.453567985949023,0.4920684398198,0.432254346494852,0.332064066419606,0.417187862462178,0.519247778640041,0.633880070702164,0.895119283976843,1.02680054668512,1.1314621326063
0.0340676263839404,0.0801862384863507,0.050503021072968,0.0892681025242918,0.118853569091951,0.154292247900831,0.0806076523458555,0.138618914058228,0.00623027331377378,0.0269248683719227,0.111889711767479,0.0755619068471543,0.0411227879626277,0.063668443081469,0.116194976284266,0.110045181559623,0.151585293257782,-0.00503058513371746,-0.00101881323608514,0.0680591459990344,0.0372189175456769
1.02285006117825,1.27847945841858,1.46659701890234,1.60146826379151,1.6083492547712,1.63312420858245,1.692811798572,1.73038045031072,1.5933968785227,1.67758659464655,1.60136980106294,1.73432584794196,1.69097546637378,1.66568293538255,1.67776174409432,1.7396115319875,1.64819387999863,1.61483155518204,1.57315753626,1.6523540584346,1.65063330758888
0.764522718026526,0.691044695397416,0.634517231181629,0.57086549819705,0.518431186004521,0.479153820866813,0.393272018118525,0.352150309607128,0.481001615979172,0.411890494636392,0.459136792366813,0.406222076074686,0.385271642905549,0.524153610561418,0.56450680236733,0.466062398472642,0.499438990610831,0.721345396893327,0.669023752615312,0.84188837067575,0.864948857206354
1.12167540910379,1.16777675893952,1.40742472884941,1.59932985601071,1.77863877561733,2.02909674448627,2.05901510971098,2.04241396249249,2.08094471896996,2.08486852398513,1.89775050235402,1.80502866891789,1.80112679006539,1.70696469203279,1.7294085032044,1.68067607207868,1.67202051854794,1.80293897715698,1.64209955529156,1.62069788561561,1.42883558313444
0.613831842670824,0.63797840809083,0.685366039755442,0.798551196726443,0.861877748321883,0.845088633269513,0.80870413365239,0.882816442169004,0.920768681830554,0.812301204443182,0.895903414065485,0.927412624908866,0.914014980854053,0.792215743780822,0.909277910019158,0.854487722248698,0.871595135565263,0.847668795489395,0.751955478817355,0.902485068152107,0.792058407637305
1.44870621897975,1.32830103495584,1.27391964699012,1.19366222648258,0.992808568271449,0.987407598386229,0.919286268605913,0.944845730589916,0.967786006899445,0.846365110110854,0.897534756367911,0.909937376415065,0.933567823558236,0.880782112710325,1.01441057103164,1.10750973353468,1.28533391550345,1.32640801170524,1.45493485147013,1.52713720737458,1.75897910875548
0.642491098220281,0.746231556310189,0.890189272302922,0.880674310672033,1.04959777367038,1.03985845548709,0.977036308606297,0.993035463380856,1.07797210312531,1.03486571271537,1.09447176007944,1.06472029645121,0.960859122664993,1.13952888598614,0.990297211136591,0.9993471978514,0.970486340828904,1.0384395239423,1.02372446232974,0.988540415055433,0.945168527669112
1.05009483276199,1.22993777110862,1.30612317584953,1.57126860025242,1.53142884952107,1.55513088753424,1.65240593785397,1.61302529779063,1.56336779587289,1.64327970880394,1.75311002266971,1.59161971784696,1.74589222828168,1.69493804368404,1.56942078900841,1.57383560119709,1.72520428555793,1.65741633450035,1.65162701282406,1.64966365168261,1.55270460977209
2.03387205953581,1.79365947242045,1.64816660911542,1.44430932500568,1.40853107659018,1.3569251035985,1.13077142568599,1.21994714310237,1.19143918825018,1.1271474308255,1.22103540495527,1.22356686653634,1.34191415662314,1.35106385301429,1.42356285917237,1.51571652365636,1.68479863612427,1.90313208811421,1.9607623665885,2.16935521129548,2.38216452233727
1.23175826488545,1.50600243734837,1.72168054824446,1.81115945355571,1.85989268475272,1.89947123094675,1.93444068620641,2.02028392489239,1.99960005866463,2.02798118236845,1.98482470439967,2.05744427809244,2.08158302812995,2.04783972699754,1.98022494175625,1.94422971101258,1.99178493165458,1.94071049768876,1.89454791389391,1.85517746833415,1.8455535719096
0.0612835002364669,0.0939931912846105,0.0737692817940628,0.0642690923722828,0.0863021526654015,0.149513108757284,0.0596844347746887,0.191757970342356,0.114998513131749,0.0765551255570955,0.0550700709229508,0.015203348382591,0.0672496092767605,0.0657692232193751,0.179244475544798,0.170471013418388,0.164336967608068,0.131793321562724,0.0885450102294406,0.218525943940273,0.0741870640373744
0.929371611679487,0.855457460849439,0.811366417097555,0.70675976346563,0.684540743055969,0.646690109980176,0.536433505319058,0.543650042241395,0.544005483783055,0.602982286148731,0.56671584697451,0.581861870625542,0.58105048105527,0.621860121578555,0.660827337038116,0.717503722864702,0.859760094749282,0.858190261470765,0.893988011318774,1.02884882230716,1.0766375862472
1.32293083192317,1.09367939608909,1.02277374489773,0.923794176969845,0.86936516311562,0.845835072329383,0.835866554858361,0.760465971618558,0.810046815711577,0.758378335854358,0.64079801234424,0.772811915423123,0.891482672360176,0.839048757774914,0.863054666111265,1.02330495893191,1.05720503812631,1.12630371103121,1.29236634421971,1.4686763431659,1.43565962022949
0.249890508957548,0.267716242988795,0.290122605891584,0.290487612880611,0.306103265725922,0.313186802460096,0.447655141942651,0.501623614164727,0.47568433716091,0.458940992901444,0.559419742269959,0.283684366575836,0.374822760118656,0.402217515637001,0.389024186368918,0.347794247515744,0.339164116044037,0.409450598474601,0.378978815728724,0.307144678599657,0.341238112594928
-0.204226836177747,-0.421015568913144,-0.297546935887649,-0.197882042842538,0.0680674339943382,0.445371361621453,0.718914554640632,0.972702694303423,1.20333630559634,1.21871152635241,1.26003448993025,1.07339907865101,0.951796664145755,0.750196150667683,0.62079418524061,0.778785431973157,1.00583735798529,1.30513012588936,1.59990456900467,2.00099030262,2.16812994824383
1.02656640374369,1.22640752234611,1.42093376942062,1.52696327336729,1.57878254473995,1.68598618110529,1.68047107873423,1.63515608014096,1.78998740577481,1.72726952118184,1.7114065832537,1.78078695971336,1.77898601868862,1.67750072232433,1.64667750253739,1.7141914034344,1.65782441879841,1.66162126486542,1.6429007028094,1.54600959396358,1.58981600753306
0.952365919802227,1.13374209475557,1.37557605918598,1.29013247937382,1.46323910794462,1.48510684475191,1.49268650497789,1.49480218381839,1.56877303863326,1.59510434788699,1.49292358378132,1.45554471525758,1.47893786112559,1.45504907554263,1.48630952594572,1.42037749028417,1.41768843867632,1.43285468560068,1.40996276883587,1.46686544762656,1.33577858492168
0.957462198424032,0.876090464309432,0.755340987526932,0.70568921491185,0.650127849262231,0.632006903049801,0.567266684340559,0.526029304841434,0.620407478135433,0.4566772828247,0.655006248619374,0.579656191953165,0.586720927888242,0.534095410894653,0.714090332905301,0.700581860190388,0.765405525740331,0.807279066853051,0.941501848336707,0.996776501690222,1.1315000013906
0.735145391623183,0.605433579395457,0.537741455707569,0.532055293637453,0.433688892347852,0.434844254238314,0.386223474210339,0.468726178389671,0.331105328827542,0.382495729419533,0.344443148248737,0.325168798645816,0.442191429415415,0.453042472578952,0.48987703755622,0.554688945082539,0.589151045671716,0.66974869915073,0.725084056223037,0.741072843919565,0.842013269745981
0.190420228345581,0.207384089353239,0.156963566146581,0.182077888651752,0.0674379499896386,0.115647409527255,0.116990213890369,0.17231061662444,0.142658187902049,0.234989471388963,0.0894611471724753,0.0584481077069406,0.054658519377316,0.171309794104253,0.190729340537535,0.115008869132056,0.21299420530961,0.105748325596152,0.271986693369845,0.251796181951443,0.239706070675677
1.18819481296469,1.20308883715166,1.41845452938155,1.56059544299656,1.88083319902531,2.09449514313725,2.04347146148571,2.2044693746351,2.12433046295738,2.23292861799896,1.99735626455067,1.89956157540641,1.88097404016778,1.81381715438011,1.76211602532516,1.82009250205282,1.80689882229081,1.86916869452478,1.77811063606926,1.7378966111693,1.40748582917588
0.795640100597915,0.670266384592678,0.660059553077422,0.594572693708522,0.528416399060231,0.464878010137542,0.454639595747339,0.391059580789864,0.446864105831607,0.489669677517041,0.527568270447397,0.517533141633429,0.43985093512404,0.560144503533151,0.535533169847434,0.502791386824404,0.664706026966912,0.679807788826073,0.822277823161092,0.875943477051351,0.946646971316825
0.752930357743526,0.749951012752315,0.688106976551742,0.580130835981078,0.531555932421468,0.550437812868646,0.457721205954921,0.494709208181759,0.500468335009091,0.40369481486262,0.510746291663417,0.436435596427637,0.494604398755741,0.591552952306938,0.515935711048973,0.726146802153567,0.685324414067932,0.71161024456039,0.669616126896902,0.797378572731121,1.00835767162979
1.08557144032012,1.32433233194229,1.59137889890027,1.62331485579035,1.92100714975925,2.03091335804353,2.24998143546354,2.26686723854169,2.29114939631131,2.23138571774364,2.03398125573453,2.04855328791155,1.86515431525455,1.78416612674427,1.86161675793442,1.78764096891733,1.81535238083202,1.80408486238085,1.89366441958587,1.74898432813356,1.4546319589149
-0.253146400773247,-0.467489800902369,-0.424014751554369,-0.273392016933219,0.0573587127675288,0.442918024593036,0.761253228828903,1.1086556521861,1.36161270975449,1.42905426362092,1.37432949909918,1.17467822085037,0.941191469101088,0.770475315680576,0.771188311524136,0.901214749233369,1.15017400728714,1.50059875296646,1.73411216672122,2.21703939998738,2.49069517741769
1.73859824149452,2.03225491265077,2.33126772746949,2.39996970599974,2.46638108430525,2.51522422418115,2.60354537598446,2.66483919310243,2.60226153275566,2.68917557458038,2.65082105344994,2.68281703017729,2.56077807977575,2.63992324834879,2.62504563056541,2.55875131713791,2.62771569070496,2.53703263563908,2.49153691756515,2.57293028880187,2.48538758899806
0.9893315712791,0.951161345026622,0.760553259326795,0.802985296165237,0.720377989376596,0.681798645954315,0.674145463356674,0.678062628356532,0.644492894342648,0.631405652070045,0.618538831823632,0.6041328307555,0.688934073683408,0.80676413891705,0.615874598935957,0.821333510177941,0.896489153763147,1.02161129045133,1.10176432961122,1.11101381436166,1.22914529666702
0.966221465949075,1.17141833871844,1.25956578165611,1.32380779099181,1.38643576952206,1.40982243584954,1.49748584759711,1.43360506895387,1.52087752952009,1.47847203161301,1.60693577064802,1.51833797128273,1.48795686745645,1.46557226754983,1.48751251694144,1.52721665304019,1.4740480739794,1.38541556844343,1.44879228176577,1.38472161369096,1.36225349595753
0.537549588524452,0.62236180926878,0.743952740882227,0.768716282581209,0.937076093354167,1.00659776456592,1.06340484993131,1.11359875879073,1.10846632267049,1.10303220172436,1.04450685416951,1.05596870150203,1.03021448546953,0.874040787550022,0.930316784818023,0.83007719190297,0.929144984356131,0.948925971619178,0.934321808824139,0.813393606921306,0.679494830195863
0.714369805841864,0.860802973663199,0.981126249642674,1.11903293105554,1.24084363130515,1.37081806970313,1.54002299490049,1.58445652147056,1.5206962114176,1.49583521032404,1.41755322679205,1.47475210042138,1.27804819006783,1.19458248734828,1.24032621772066,1.30789514349552,1.32023338102701,1.24517352014266,1.19380369331756,1.23124514096249,1.1666888919898
-0.143897830220104,-0.163237350834028,-0.210349347951723,-0.0253331333045277,-0.0260441762570446,0.250158827962206,0.259657216813949,0.476419627844616,0.495006285092669,0.541433485241268,0.510167211587149,0.441947341073274,0.456869927377686,0.342860801597138,0.366765037892075,0.330980186678795,0.402195249964156,0.602614821679821,0.764343730728425,0.894962952945692,1.0112038671741
-0.164226156945536,-0.334556412730566,-0.299799355926797,-0.136766333634345,0.0775358490441803,0.281938601353182,0.622124871571091,0.81843462965488,1.07141488205528,0.985435231534327,0.972991438859625,0.888536838926447,0.784261583711974,0.629458812567928,0.51715542195859,0.654062547325681,0.733471873342589,0.979959795654888,1.31446430881221,1.68845263052149,1.86572601453797
-0.0819751360403418,-0.0872628961568189,-0.0306069009341401,-0.06286147506544,0.0575271434452716,0.124910769193759,0.221483819675684,0.316615048472321,0.356559769345288,0.345882087217963,0.427372718742851,0.339887984722769,0.284800118650209,0.189817319113862,0.202630225747025,0.252823107388962,0.32501941969189,0.375318444330519,0.391657326012955,0.619041190721731,0.628986860226792
-0.322784971746232,-0.345761140215517,-0.340456209525365,-0.160263215755118,0.111332043246717,0.355241417431481,0.71169716309995,1.00430790318569,1.16449336627945,1.15843894546784,1.18007496774892,1.00300412405889,0.819145756789026,0.780706741399738,0.64650554440081,0.775375341378984,0.842495300586332,1.27455656864912,1.5183539646283,1.8594917324045,2.00446020159859
1.28980442746187,1.09751154366565,1.04362368227637,0.979928658394337,0.863491946163861,0.865344489673435,0.901723394205012,0.773720384015721,0.796858310061245,0.785519550538284,0.766775315813056,0.733902149140091,0.825001075508692,0.807217341062404,0.911526654438495,1.01003290456547,1.16090694486437,1.27625319083238,1.3538340553855,1.41499627402112,1.62280442377109
0.58015368351578,0.694832614375931,0.629117625690781,0.770345459635656,0.778287352714465,0.712827911817531,0.816549836630516,0.715440347294922,0.726847640339722,0.80127101007322,0.849402987458803,0.790896496059918,0.809102468327515,0.693594429478256,0.790267643854814,0.899328312371245,0.719752134048431,0.750908038501866,0.744327612293364,0.703447867464276,0.69282973793262
0.846730763584326,0.758367050888747,0.621533940773237,0.505833099452863,0.53216090097266,0.542626807592523,0.426263436294337,0.54055765548735,0.449092785911833,0.548312215530805,0.459704892432142,0.515366551607778,0.539075611258714,0.498548467606564,0.535778872321045,0.642699519807002,0.724808847154373,0.724345644749884,0.729856661923176,0.967896808521014,0.934169035279946
1.02362376874935,1.07793670494906,1.23696442366683,1.42398505233272,1.5680154309393,1.78850339003871,1.82704658109706,2.02201405419071,1.9176876265833,1.86530014563333,1.8174094510682,1.65307121243645,1.6826018480352,1.52403783557052,1.51269306439155,1.5905570741349,1.52803225626289,1.5457893290843,1.5167040697872,1.44943527383525,1.37344858529558
0.882276414760691,0.91964324337588,0.720183979070556,0.658840403642461,0.607992384652191,0.545858479847319,0.553857851349831,0.512880938417981,0.521532937551916,0.473546930592011,0.53499958264977,0.561985881674386,0.603955159790943,0.566590436142378,0.616391099879867,0.718043314272325,0.794365456651181,0.820045649482847,0.923978542827022,1.00421833310097,1.09393780089217
1.45391737451699,1.55712704698023,1.78668150679377,2.01317061824702,2.17214691095846,2.43480944210014,2.65133608631121,2.66181339801014,2.76351019320543,2.66031401877194,2.49481408119893,2.38662673424231,2.32278751949316,2.17472735996247,2.22920539244832,2.082946139052,2.21469661863707,2.1813154971516,2.24327913911143,2.02332512821155,1.84780732542814
0.00256810419286325,-0.0543059062375292,0.0111802627309257,0.130338160197094,0.0511046244487712,-0.0405815188590985,0.0273418368961086,0.123810999765679,0.117596681071883,0.133332457148389,0.149944674604561,0.195332832093392,0.043731460041467,0.119152381913909,0.1783150272794,0.0896411522020663,0.269257630220557,0.198508666120909,0.213860124963401,0.244925524229373,0.315923434792814
-0.0493412372533235,-0.026400617069692,0.0580838955557757,0.0519596602294107,0.0223991983358566,0.0447750403460958,0.0609502751144279,0.055760285140629,0.134140633857008,0.0732394498257798,0.107955549343168,0.0362604158566831,0.126793394000942,0.00346040706113353,0.0121168636554744,0.0879792636268401,-0.0150518297683017,0.0857408613149011,0.168325884280305,0.234910056771837,0.142516653967339
-0.33604719107248,-0.516364409347244,-0.554873060642376,-0.589295865967862,-0.728797744822779,-0.599859269354844,-0.684391775253055,-0.665469823522265,-0.71550167285115,-0.633436878710116,-0.678938651681591,-0.656609292238632,-0.706208752647244,-0.732989398806608,-0.716863745389575,-0.643368018126763,-0.717737344990305,-0.665460357255776,-0.674202217931197,-0.669764380123398,-0.747316282987859
-0.0409920282874184,-0.167190474351169,-0.152188363219383,-0.0362738411395634,0.0594707642767776,0.198045797261406,0.251159105985805,0.378784314232465,0.358479235382131,0.339845306690055,0.372277564880919,0.33371599721848,0.361420769162658,0.213491320176374,0.159471649838938,0.300873324730123,0.336526218315376,0.329064760970914,0.431514522509739,0.611367536216794,0.637638329060281
1.95273520459174,2.21691341934437,2.48406305674749,2.69517706843518,2.69311847939604,2.80051030923353,2.97171720496809,2.95078564525607,3.05213176089315,2.99349256785463,2.92144349721392,2.94406428510906,2.92528376202417,2.94104331206526,2.82669804219045,2.9384133430863,2.87271560721115,2.80704921311854,2.81576939504695,2.73916368242439,2.78999915438023
1.12139723939897,1.2107975848112,1.43293677058167,1.58848634284414,1.72475519723538,1.93063572335354,2.12838570964445,2.15684524433266,2.0717788869059,2.09966207540955,2.02454681141533,1.79215526554218,1.80359412678712,1.71294056005449,1.76053362446273,1.70647567491426,1.75936221253001,1.70700434777699,1.65693910863822,1.59427193305684,1.41286618264222
0.68268021931192,0.655066073155257,0.653619338158491,0.535148132903095,0.4893200849686,0.466763564705776,0.412851357121726,0.450763448007716,0.427583158582455,0.466224265712357,0.481142012863469,0.495527529967632,0.477900881413342,0.490295323673931,0.439096937675458,0.527826012614581,0.625536652084683,0.680001853490028,0.69645854969542,0.79347920309221,0.774978110320483
-0.201455545807266,-0.277552392824831,-0.218089513022486,-0.171019277387779,0.0723096952383481,0.203361308002418,0.436139042462344,0.60318583809106,0.796380697245403,0.805242720588312,0.82141594095361,0.746777814943252,0.564012294837163,0.484331845613076,0.440486010197061,0.503360531646374,0.682166156788205,0.941341761932347,1.09814708255079,1.28756488541296,1.40969645909932
0.356871324272486,0.30180096585728,0.431542598568748,0.487983395128803,0.512773594341209,0.64708067392536,0.589216950636354,0.521528870874171,0.660609920937714,0.626648397915844,0.557502314554832,0.542546318329397,0.539591986565463,0.476766879268545,0.482383897315165,0.545883782793381,0.512029391533948,0.506654672054256,0.524680352700733,0.375125533968487,0.40899402383919
1.69286179721392,1.43845762105487,1.37101015848888,1.35406907028281,1.24392679420469,1.10715427787291,1.10800492164028,1.03550029042484,1.01613504697198,0.954612394083272,1.04096671665661,1.06248869483111,1.05952758901995,1.04970189923871,1.20072705273991,1.34724721557255,1.38500170612432,1.52629118415249,1.71024682916818,1.86501973719749,1.93261666824291
-0.192029979942594,-0.287114292231188,-0.246243075344738,-0.199602742167245,-0.020013279641598,0.289126440336274,0.631553126119164,0.849877681287982,1.09890578356168,1.0799122731608,1.01789803982873,0.970985136365472,0.733124405660417,0.652155555651413,0.593954846944684,0.636468648412916,0.782609979026531,1.08596636007779,1.33648809639228,1.61181371560738,1.95684477116247
-0.138179044721885,-0.270246728917944,-0.207844476946259,-0.177141021128999,0.090665701506793,0.193683266512856,0.471609955660074,0.612127617516964,0.831253874534058,0.874359460810694,0.778907224302988,0.788207005345796,0.573959577793741,0.509461107047273,0.419789651138182,0.550587404470403,0.621981163274116,0.890966257403979,1.00533518594096,1.37982520943839,1.4686277819955
0.541987252500249,0.650102065358039,0.716526854706707,0.824473483743889,0.873685333919688,0.917112894204833,1.00657940395212,1.03947970047329,1.06389143230615,1.09560464843696,1.00904053613612,0.997290861650564,0.846572083658642,0.892915648530172,0.950964333327667,0.799074213416784,0.880980894000593,0.870011256323579,0.964414779582971,0.786994810745918,0.769563824710861
1.28201766782741,1.55198730880036,1.81371959995775,2.02671734902367,2.20422338672964,2.29772585315541,2.47820003821398,2.67673152054417,2.58882716735435,2.59271320493801,2.38903944478032,2.30681795806852,2.20889307743942,2.05863576858035,2.08728921108769,2.14903231152803,2.23746574359691,2.25011804608901,2.03514907689356,1.9917773262665,1.8288637186118
-0.108313986660035,0.0119923583993033,0.0461438875554964,0.0480195734188898,-0.125826238031277,0.103703371155678,-0.0138596762525127,-0.014772684855472,-0.111346093668994,-0.0704392929232353,-0.0981955114898109,-0.117739606854668,-0.0232342759179312,-0.0686083271214477,-0.0301400652913626,-0.0912618634741851,-0.0707825789826634,-0.137733026676021,-0.0931035313373481,-0.0753360658781895,0.0502895408675022
-0.178786674726209,-0.165568401797571,-0.175037421604212,-0.19768343621426,0.125074001008059,0.20040097405539,0.415667357449202,0.486446579556388,0.680823056492288,0.654085005561451,0.666561681325098,0.536474119057993,0.501311939448357,0.32872331499739,0.442595435190057,0.372833355519761,0.501994453109771,0.681424874474426,0.862645363569608,1.00335051383174,1.13324326027411
0.779338474148844,1.14431236371229,1.00576066018158,1.15201156916465,1.25384495298516,1.26156024338205,1.21106256240204,1.28442602358007,1.22999028739018,1.26028786749401,1.26520109330716,1.23622669692469,1.2675136741847,1.25639528695489,1.27210125329781,1.09158230019413,1.2176979597136,1.23103593620848,1.1528787093644,1.13519899847685,1.11483631946826
1.73167590670702,1.51445676430009,1.40043418288092,1.14699066656027,1.09765545514207,1.12633421917051,1.065087152902,1.07275106301922,0.998406129621102,0.959605647478012,0.965110509615619,1.02027036161873,1.11247903287957,1.10903660972573,1.2530578143045,1.30824318598031,1.32646521699398,1.50411053669681,1.7126916222946,1.82704092202957,1.9898540576766
0.639872703915031,0.700984804926418,0.848324191788995,0.947117480390496,0.944933427401045,1.09030501263976,1.14917653082069,1.30742027306639,1.35477813867791,1.21172966637927,1.14952963440761,1.15605526747238,1.14231327135837,1.05522612814391,1.08164468914422,0.969384728109793,1.08113072502322,1.08371057113788,0.977945439406836,0.99857705325711,0.852801814880123
0.460771298113966,0.537306221688251,0.381043136600103,0.373171264898605,0.381196059811465,0.302810593136666,0.340237457092966,0.337887878037947,0.286811433028406,0.316898149214419,0.277632119899561,0.287113090708646,0.300141957028341,0.339505890289988,0.381711486293376,0.496111350709758,0.487043503079721,0.437935934347057,0.529654007394832,0.593726290463338,0.718423188480243
0.0202584078734559,0.0516540094149287,0.0351394459685924,0.0762276313247826,0.0190493981848529,0.123766953717084,0.158061123688707,0.113086984180676,0.105437233414408,0.147840823162451,0.0870752557958194,0.0712252437393992,0.0989773810506921,0.0951290007800977,0.0119321156904041,0.111537971176233,0.15115478510039,0.158154519922264,0.150252004191517,0.130218189493764,0.11117927476889
0.297027922726609,0.344168013146435,0.448043013080208,0.492231032598173,0.458240282322572,0.448355557143234,0.545491385848863,0.505061060010637,0.43629934494692,0.442533408889585,0.558257413609803,0.535416998305761,0.404163769652317,0.501395502571842,0.530857420296757,0.505998795073254,0.407984567092315,0.437573662749578,0.402373929201836,0.46976930538346,0.434583868721822
-0.247976463223417,-0.354269547354935,-0.31621207254901,-0.298253545083375,0.0765799783768673,0.263318225252339,0.64409042688683,0.953951541176267,1.0818555959101,1.13233935448229,1.16331414041567,0.982960753133618,0.879187649856295,0.768020352476146,0.718555717572108,0.736421199240558,0.955688664365348,1.28222244113284,1.46870318625143,1.9282859803539,2.12834323541704
-0.244145774084706,-0.194052693650522,-0.161989681630757,-0.303872600859771,-0.0970343365641546,-0.192673502823144,-0.126744834680851,-0.167019037869186,-0.0899129583569062,-0.107559409104375,-0.161389881325392,-0.0764738344872442,-0.174137843350903,-0.158938053228213,-0.186080422269925,-0.161441109781421,-0.167216109089566,-0.163828581849696,-0.238320601938236,-0.326579971690418,-0.236711788241498
1.08480152365808,1.15981274316472,1.29954331813633,1.36123876906331,1.39123078663238,1.43289429215309,1.51391389081865,1.50498146088229,1.52822055795111,1.46344987497743,1.48923739206545,1.44693866329489,1.5347399423967,1.43257426133416,1.36033204924079,1.42747283769869,1.43361341023635,1.46851118603616,1.47173508587181,1.40631649363823,1.42893193766734
1.28802394655554,1.60232452010441,1.71107922672488,1.77026841046652,1.89273708246129,2.01954230343019,1.98918274440093,2.0374372053998,1.91043218626711,2.01753837400486,1.95852434850565,2.00866735362259,1.92541494690681,1.97581173516424,1.94801453191221,2.00310132648434,2.00045266213387,1.91030283575442,1.84364947122578,1.89805010818713,1.95697918506932
-0.273081438296675,-0.197340907909236,-0.256170652048146,-0.0849799631696502,0.152778377380361,0.285975352627678,0.602239097816403,0.747367259568742,0.899199169387122,1.00196744806927,0.824867589935202,0.822329921148582,0.749136357352919,0.482393515725021,0.51347294994362,0.558217676142736,0.749497831462105,0.996417587023396,1.18510348822855,1.47682244465012,1.6433575104409
-0.226917967043421,-0.252683660299641,-0.25184501026507,-0.171757966774517,-0.0356112706463559,0.318172489116678,0.501560492984643,0.593881053233291,0.876297571531377,0.889061028238478,0.773935288059014,0.730563692785649,0.59194059715213,0.494709691251868,0.486426643677159,0.471452363465391,0.670006556168349,0.733006806722492,1.1873428275259,1.24214619325119,1.45328558445968
1.31843642283649,1.19006234912949,1.07791762252435,1.02134547944865,0.907466840529318,0.896123728341097,0.910027014085077,0.830613504717783,0.812636894020599,0.778246812827113,0.779855671787978,0.806258808334434,0.777331062313033,0.857291032728818,0.998759994677998,1.00525397461939,1.07902130103939,1.14271975386744,1.28566426194447,1.53671451446948,1.68058188223783
0.871165999436696,0.841247193904331,0.740619787399813,0.704899200575702,0.640487731280613,0.604466928658827,0.57752918719411,0.653702164660527,0.5686125421738,0.616006253865713,0.577097025563343,0.499580957479066,0.590385216068857,0.643567075854418,0.690841233196271,0.700773786559329,0.741796118441945,0.906011270450785,0.88657758470967,1.00263987599995,1.06257939332105
0.366465297853058,0.277479329790915,0.332813650965378,0.352429129558874,0.379011862809853,0.203218168496007,0.172747780981019,0.304150413734742,0.22531754242491,0.2968928997616,0.256001325448697,0.239769707394818,0.183562715093834,0.282267315201133,0.238636224458137,0.31812122541943,0.299118317574459,0.384884477326179,0.397608927592052,0.508317673501231,0.447497491309885
0.768873107745393,0.904191084431926,1.06533453932914,1.21546623886129,1.38426812826374,1.44356404007942,1.61671173509235,1.64979949393118,1.62890219418638,1.66279581817705,1.53466995785264,1.48220723265526,1.35449856783997,1.33684179417067,1.33249272473232,1.48615108359619,1.33593481248904,1.40103521571936,1.39525944832712,1.24213143472137,1.04456529425831
0.774268054258164,0.622021572817726,0.616698107549631,0.65972783679601,0.544600840175585,0.464186313195518,0.473354737476654,0.529055502332969,0.419522741937505,0.509892790113403,0.473645452894866,0.396891789610989,0.399041766317566,0.540785479984859,0.475568154020079,0.703296874128949,0.650613794376848,0.678999071591827,0.749461487904462,0.863322354968714,0.889461690767129
-0.113160089740448,-0.0441665197450667,-0.057883774882942,0.0521662017618275,0.0587721281385074,0.0104254422389425,0.0704028863269903,0.170912999788982,0.135175832993773,0.265135778604559,0.161115279218303,0.165873484847608,0.281493330858068,0.131532040006891,0.115533833349357,0.133067181578008,0.191116167466958,0.221510184635523,0.33971462944796,0.347484481344243,0.245015665817737
0.720773559821701,0.625388566797344,0.554500849742345,0.541577887936315,0.493207338962355,0.507449045413726,0.477321884921487,0.377482258330013,0.447025344815128,0.464883405462171,0.531833207942768,0.467040110819632,0.413065488688105,0.44630418218288,0.552957975133153,0.526833609591922,0.517356716327427,0.600920683823225,0.762423631950132,0.844252765921401,0.803881738424625
1.40731770206405,1.57857140156554,1.84161108992557,2.06613867843817,2.3323070648218,2.57844893128745,2.71365536857742,2.79144058092025,2.79457102697752,2.67767622085609,2.58009323992307,2.47455831418633,2.37896588255235,2.34401398870461,2.2423099948351,2.33057224620859,2.29868536437426,2.27020070411921,2.18357736922797,2.2174334690682,1.92410873310217
0.357428555560023,0.417705689816645,0.362952086158792,0.328363287932207,0.332780481391561,0.214653624808468,0.268677288745702,0.315485331781364,0.250354795495002,0.29308409650792,0.343864374041907,0.342548509146505,0.344722389852137,0.291534900932009,0.296710882032308,0.321656872446993,0.365778974695194,0.45044922715048,0.425777827913322,0.447657054144916,0.544940019197226
0.15574527207148,0.0816136965397972,0.174092841633903,0.066078275652688,0.179520742690968,0.137948226125162,0.252368338779641,0.181406152417948,0.161695222664469,0.197499554036113,0.116624966574106,0.20048971604067,0.180922337678797,0.0922565954486133,0.13001073115803,0.262408704626997,0.168664957938741,0.157380769004859,0.148987578323499,0.26180149780718,0.18864219224614
-0.0815010085656267,-0.0616394010880564,-0.0849644679964709,-0.0430411513960275,0.0929441488686565,0.0659019952917433,0.21513929866379,0.263727213143841,0.315452185943793,0.409413804974473,0.234640328034679,0.294592849054766,0.25339949517021,0.247662454138369,0.228043243856565,0.242341627869302,0.333680857426824,0.327113101484149,0.320144515100319,0.529266301625587,0.510475896419553
1.04770410035136,1.15625380370388,1.44389812601506,1.51993203221221,1.68064418296925,1.85930797770191,2.00552136532338,2.04770650491264,2.04413478312551,2.02534978448092,1.9850130430075,1.81673369540238,1.77273047895909,1.6441703986769,1.63704004931556,1.52960988473528,1.69892335038215,1.63229621637062,1.62054239668538,1.54621836829879,1.4144400992192
1.84438424880731,2.19770214459762,2.46568681302563,2.60910984426266,2.66397662013937,2.68794287157874,2.77472969438601,2.82297141883888,2.95319984729349,2.97212841876838,2.94339902978801,2.8222998364427,2.82408222229217,2.86990351035923,2.9688258561124,2.74907835630659,2.81695322759598,2.77986591694094,2.79125519157837,2.75333089076009,2.77174301732198
1.15879815297306,1.26008453055456,1.45093582140977,1.56126710012627,1.55165768536083,1.68398857598918,1.70371317041105,1.75269112740112,1.76207620516988,1.70936233131069,1.84014416735577,1.69923882822429,1.69550446236663,1.7237442853293,1.72709924044683,1.74309935500884,1.62125956943899,1.68197581374222,1.68670509710865,1.64850821123523,1.61572188273776
1.02791250449874,1.25993647008457,1.36634148919005,1.52587490874726,1.65948234688933,1.58232194588991,1.54400333599257,1.66376987901948,1.60696882453343,1.6366041883885,1.61001836982774,1.65293627163518,1.56925381368245,1.66087382865802,1.61262890375317,1.58154027527481,1.57401136154974,1.56404745745663,1.57984958944099,1.64341037751161,1.4945226906043
1.62584955280094,1.43997349814025,1.28225821448429,1.2326651846025,1.16603619969574,1.13646070086173,0.993773219209618,0.963935417078611,0.929669264035161,0.905351243767301,0.952649081008897,0.967517985633926,0.932415478432573,1.10315209179454,1.1804356387246,1.21450475124305,1.51721231905222,1.38158974821769,1.6361464107272,1.7325207901961,1.84707268748173
-0.247873538704835,-0.274571667348096,-0.284007440850779,-0.084323797197691,-0.0139314403934872,0.28235171994705,0.489172506678316,0.689292385777977,0.813992871013654,0.86529661010345,0.820550046978082,0.726969716394065,0.487603777155149,0.507587798492029,0.511354445099172,0.516498283075249,0.762866732668364,0.857871500147597,1.2001647203409,1.30489914776607,1.56517705867924
0.577066928916459,0.662486504688789,0.808414162019538,0.910885053790586,1.02323263847016,0.94523700080173,1.12954409693874,1.179181761078,1.27381735613144,1.16201062527707,1.0130224368609,1.05153532435226,1.05775097364591,0.928741308018331,0.845126324203544,0.939169914821452,0.931749386175642,0.940105314213685,0.865453832887881,0.941046876875266,0.856964959007686
1.14426537174934,0.975681179556014,0.933442143888539,0.815088162250146,0.789979810481065,0.770722345539573,0.624248921073865,0.680469656480861,0.547131965642152,0.568502330873749,0.641035429107588,0.605342100371881,0.665943330992981,0.687100891930035,0.877777815505945,0.809543417005081,0.8661273103124,0.936883276618811,1.1331073999854,1.21154540887307,1.28925683017331
0.969223220097854,1.13641392127499,1.23383588374903,1.3561212492576,1.47705897985628,1.4591884177811,1.385613329253,1.56775377905508,1.42557517768339,1.55768164959561,1.51108350382804,1.45824957677793,1.54386226406075,1.55206700613311,1.49170293259883,1.42229360054135,1.50468830781767,1.47955364694519,1.35490463380061,1.39888781724551,1.35234203486579
-0.0687579802603042,-0.16194700596274,-0.171231157904017,-0.0494025824347203,0.0525333272285637,0.304774802608415,0.460290163191898,0.607882571706765,0.589073295187702,0.708766733224321,0.703159023815797,0.628941812537864,0.461559248069729,0.419394720578322,0.390390035634231,0.479334904754032,0.477818272666034,0.646559800343499,0.823966280182083,1.14518497526047,1.20193255977319
1.27005750304019,1.5256637325012,1.78304818776306,1.83206576531422,1.91601859661449,1.96233071095202,1.88457509537144,1.99770770326909,2.03222730267418,2.01556591892437,2.01396945280804,1.99844679710792,2.01551692811787,2.03766273560448,1.94179405706799,1.98277098658075,1.92141317531615,1.98314767605434,1.89734424139454,1.87899235260577,1.95276636367483
0.184810376209401,0.286802542941881,0.339022903077421,0.251705824169378,0.40111027033196,0.371118804135535,0.370645696773006,0.443437700843249,0.403130455612311,0.355025094685036,0.388264983168203,0.28406204300528,0.392215548643177,0.499277369967647,0.360524980674593,0.243822653450162,0.30554612215354,0.386122745946917,0.41203107866512,0.340018654189739,0.311662376278281
0.393775510832014,0.346024593207585,0.427802181408416,0.460395631604798,0.47787090411337,0.571665336216594,0.646455923430177,0.632877170084832,0.603447715887799,0.542495760455684,0.595431498881578,0.669436966205799,0.549708597202549,0.438368185287989,0.49765568768042,0.495694085630581,0.512745821130296,0.425259378777313,0.505563095182045,0.56702427736663,0.446952563000861
-0.103046453543854,-0.193035466944013,-0.166552694010646,-0.10240771067234,-0.0475276677200786,0.217769544032223,0.213836322937733,0.27321490971589,0.300222468663502,0.41316459711414,0.330490889011214,0.272878304975797,0.294176470394733,0.238847995248445,0.220731366426338,0.340827454881601,0.303237302963472,0.358893819146192,0.507271350983517,0.654679309497864,0.694683191038196
-0.248514726628177,-0.264298684890013,-0.287960721478565,-0.125960536983494,0.0122590606356089,0.292133532078495,0.648427551144695,0.877508692003182,0.963120084673867,1.05743648372703,0.95524271191972,0.830935361792016,0.742837419489012,0.529302213435411,0.556197149418083,0.729654180883979,0.745567197855675,0.995260333550384,1.2563500747986,1.48004938814218,1.73129736157569
1.40373236206574,1.82940458010938,1.95379217237771,2.18986808041101,2.10928597893046,2.28285228303168,2.31450910609034,2.39407374249803,2.34243968036868,2.39478728768692,2.34401027460449,2.40405021171147,2.34343305765872,2.32239915176292,2.29879756053565,2.30950047402614,2.30737574431295,2.22562995573908,2.28882913675993,2.21862079704269,2.22571705311232
1.54663706432619,1.72761922488394,1.89254460986075,1.99345613942311,2.18299041775389,2.0910200133868,2.07373313553563,2.28866666859003,2.28417671614301,2.24379241951486,2.21332194438695,2.41296217986626,2.28313615057635,2.24060306031623,2.16849722715439,2.12632268073057,2.23931291832885,2.11801199598862,2.12036635015047,2.11639874175352,2.20357547235383
-0.189556856627391,-0.27657453180401,-0.190557358422058,-0.113053612801701,0.00767476496785453,0.155295867120033,0.537120603816174,0.600219741757367,0.678313518578619,0.831742480492244,0.815846891162771,0.573224104159547,0.584077164666618,0.473169730351763,0.419287022211084,0.494357827627115,0.584655475477935,0.681783165228271,1.03074849427195,1.15579862058544,1.21091187008228
-0.110114273167783,-0.0573775175507963,-0.0455910424690792,-0.0442979628774927,0.0497147744875975,0.124113363733746,0.205604210358213,0.313178553163317,0.277152797602948,0.394280275078321,0.219246854970272,0.231614914351837,0.201980955718114,0.145695251734039,0.165355139379408,0.290252741527282,0.196919777757305,0.33957056643995,0.492131563905495,0.549000165566666,0.582069809922163
0.80786590621133,0.896422411791923,1.02885062822088,1.11609686795985,1.35428813834914,1.45721364772035,1.49942460434313,1.55543072945856,1.60205252221211,1.54157561626006,1.41339335934425,1.35451642026293,1.37127778658625,1.2367538551065,1.19603491143893,1.29418402202784,1.42262145108297,1.2662586401227,1.31153570088085,1.17765569187199,1.01314462285206
0.190595625759204,0.192409570728553,0.180650470372527,0.219144158262675,0.253980931817281,0.271531076065492,0.233675045492531,0.320198133050971,0.339281481738534,0.24120821613512,0.35863166494826,0.318670065503682,0.290273578088045,0.30301027457146,0.384793112031394,0.224563782274389,0.318054425972138,0.214594806059696,0.365005142943172,0.259869218937182,0.216926437940557
1.46290623784014,1.27645065930713,1.18038567220604,1.09253720000372,1.0376027516795,1.03264822937027,0.897423829812469,0.821233645599013,0.788302605316328,0.786555182603494,0.958752415509242,0.876792779570268,0.822015786784297,0.887822544187372,1.04448582996155,1.04339311583996,1.19420145733551,1.27648797989688,1.43349805592705,1.46818844061366,1.64263208490652
1.00266148406454,1.09994875851355,1.168877596208,1.23594524649032,1.33154952053322,1.43221232834002,1.34663695543498,1.4493923174349,1.45927501164313,1.48362200850667,1.52241660525738,1.49758365339892,1.43662931798536,1.38768579329962,1.45477780288503,1.34367193547914,1.39001331236123,1.31735194864804,1.33624127005551,1.39387737099807,1.28729572729938
0.988599273343668,1.19052875121195,1.36238549160181,1.52578877464669,1.69384613449115,1.87933352659302,2.01176599825191,2.02954436959683,2.09855462912837,1.97229100584146,2.00866838625964,1.85808840548366,1.71385589693805,1.63049709407361,1.65918029233257,1.69399264113068,1.67554735161504,1.69789250492239,1.63998363800973,1.61334547853706,1.39931383430494
-0.114260987252204,-0.220106596319294,-0.234178662594959,-0.217331172056483,-0.133467335829341,-0.144668816351019,-0.213254991899296,-0.0702820636941852,-0.022393572611674,-0.135229761784509,-0.171783343745129,-0.168195658903676,-0.164301259369842,-0.0471076263426511,-0.198481078889662,-0.181743913069388,-0.176097922724831,-0.16296432481807,-0.189302028450155,-0.151599844218252,-0.232718614786231
0.956668953261851,1.20803586844074,1.28957167639814,1.49448679860689,1.62057825635087,1.80819873737194,1.84623453882569,2.03806938753335,1.99950261641252,1.94721326712067,1.86734684831903,1.74336796965248,1.65781486590444,1.61827911108723,1.59150929192818,1.63014288773828,1.67356841086048,1.59520447967801,1.64618821624949,1.53828690691091,1.43450969468307
-0.321307987633478,-0.435237986566533,-0.282556336073745,-0.139186017921318,0.0185056008340873,0.320644127320317,0.569507743953793,0.843511627287231,1.00663372602164,1.02846401585048,0.94885859680267,0.967144992761171,0.869476179868611,0.723186918347087,0.594774041755277,0.698674756095337,0.748945695107169,1.1081403280154,1.32797157133293,1.60488865997684,1.88029091711299
-0.370054192040425,-0.458221353872026,-0.646780827695211,-0.534673140789718,-0.697599709415524,-0.567265798703834,-0.666973541795547,-0.658645802093928,-0.608914227912997,-0.623172138195424,-0.629537458560506,-0.578022118747519,-0.595916790395524,-0.601422298530292,-0.597497081321375,-0.515448423621353,-0.570574560425717,-0.63813287329244,-0.696160712871093,-0.582368649428711,-0.49756764106722
1.204074874016,1.40290800686454,1.62474110463024,1.71015743761945,1.82113663624027,1.80812825145037,1.82069177089805,1.80763456180888,1.79456891756307,1.80757307755974,1.80074094043564,1.93766658056489,1.89254356516451,1.82956375376236,1.83279013485115,1.86086918973367,1.8239179072621,1.67300947666231,1.78738397995676,1.65694743406078,1.72479854309833
-0.193636129304467,-0.176736835850494,-0.27261728780301,-0.110831484895556,0.0149005806020573,0.172159790900338,0.47899985153197,0.630723073991778,0.647615762491743,0.702054661621553,0.77261869052581,0.56425176485237,0.493483483347319,0.498807559593185,0.439719794963613,0.463582995085774,0.588565315196006,0.800720917461953,0.989485875191045,1.18633651964737,1.38475874448321
-0.0841487028585664,-0.0620762517118995,-0.188362269899904,-0.0558795746665079,0.0477055991512076,0.0551539449538795,0.316909686819546,0.340087972272643,0.557276141742659,0.427412725446972,0.417168139779074,0.44127128979668,0.364644912543026,0.298751960131119,0.25468561538392,0.334957601276717,0.328112522751041,0.554960307750749,0.647742188287165,0.758390728865414,0.880477528065759
-0.133312390805354,-0.268780320967777,-0.201857826128065,-0.0826203299519154,0.0423550060065322,0.175690497552798,0.355394839903872,0.577219178799601,0.745199481154163,0.671609178260264,0.683371785075946,0.57902574169706,0.575995506846408,0.333309773756246,0.418993533226386,0.437316753799207,0.446345642540146,0.673050547787102,0.835917699753827,1.13574121672276,1.23624059167935
0.532321254908865,0.604692459524423,0.731958993386111,0.8234294885383,0.765365989671284,0.91810848675126,0.980199551052928,1.06195028504642,1.02553506245869,0.949101039983716,1.01035101690258,0.896544826223858,0.933490288613415,0.927831559614132,0.806361393605169,0.933652016646523,0.806909951665253,0.858293914755008,0.84388561720408,0.810968959863822,0.694620359695287
0.90266569408203,0.695013924826681,0.774100061594344,0.692068924328406,0.597364071732399,0.544417087750509,0.546275151665258,0.433162484239589,0.424995541992141,0.51510814028078,0.5031895084068,0.474837509693225,0.648422861917948,0.570024343091901,0.639134370196894,0.658563271346551,0.752201370854984,0.775574401124526,0.807998241183019,0.970045238802905,1.04812656743157
0.954911969199254,1.11968553761023,1.28622245840431,1.40180291426199,1.59884494936008,1.71280475108081,1.87542153968138,1.87057937902565,2.00835942510535,1.92331669349787,1.92604006498901,1.68401307279091,1.75241960047548,1.56676913045957,1.61720970277854,1.61863226479038,1.50481439687846,1.63071119844242,1.51689485159814,1.45468980165539,1.42153410717135
0.792391197517055,0.898534195709452,1.10256017373714,1.03033798337305,1.04124428459602,1.13576362990671,1.08958872419501,1.11061193250994,1.16221555708582,1.12943706281082,1.08417922657362,1.21801419373733,1.16252356813418,1.17954312873506,1.16035122318645,1.17629567367187,1.07634780241288,1.1211960644652,1.19106031794549,1.07304846241361,1.01407420677635
0.938954247785795,0.888001298487301,0.893419529464987,0.739049315040418,0.735915856243766,0.655087187468992,0.576354068781947,0.494828397272713,0.505202284473253,0.656501255699094,0.653906539591099,0.520102290373863,0.626314279583369,0.628315189924941,0.685899915329604,0.776177422513115,0.7470496318395,0.799523825356988,0.916378554716709,1.07938715598801,1.13214840039951
1.13667886438949,0.960562714366831,0.879082774903142,0.862665307170935,0.767377889939092,0.63664494770385,0.586975249595285,0.633664702135314,0.569699275549516,0.730730128274489,0.600935922940086,0.711952472209373,0.577671890514303,0.70083545517886,0.734531194770546,0.844158432182275,0.820086564165588,0.982818330260893,1.13672332484568,1.10360486349816,1.22173004666441
1.38947703649291,1.24356889117758,1.06771270932339,1.0132914815236,0.928724683719432,0.878134109566843,0.940715460068984,0.813838360040178,0.80240366541544,0.746365692632651,0.787208856355081,0.852581337436236,0.914193019260492,0.96115287547318,0.880787261663507,1.01215540637156,1.08435842230922,1.24901528908815,1.32376256573864,1.44858477549294,1.68225747469692
1.70839958244573,1.91121717571127,2.12271161774166,2.36686160237707,2.79351339091438,2.93862352250355,3.18337056720898,3.3392126637714,3.26074616239166,3.13688640586392,3.17531594448803,2.85874972543953,2.78172469716613,2.6357047479129,2.56480567291786,2.56732547670011,2.74671260836651,2.67570057901362,2.61409555482049,2.4934269503403,2.22923134877648
0.186824267836583,0.242963166796895,0.173896384487136,0.0993946324173288,0.129885515263188,0.121128880800212,0.116651241582789,0.122931168886407,0.055920549063436,0.148378176674284,0.0784186575538683,0.135625289697715,0.18361059392135,0.139143727513957,0.227566428092267,0.191399885242165,0.153490015790721,0.219099890850389,0.153840828536466,0.280369215064117,0.255839180069091
2.04045924003719,2.29438006218678,2.51722161623951,2.70101215264453,2.72886639235663,2.89438023202839,2.88330960720587,2.87020655560562,2.95054890966774,2.96786771849887,2.89567483031997,2.95264032064338,3.01468194779957,3.02244435880641,2.93006371085754,2.96191214351676,2.82619117656601,2.9251591733792,2.7764584929771,2.80087714639496,2.68280535299404
2.02427897037966,2.37041687547164,2.72755439456155,2.96557809196038,2.93131516337906,3.18876193589482,3.11482281077967,3.32554542107945,3.23858782811997,3.23161475813356,3.22756409796124,3.24255520084472,3.18238192867881,3.13725151045425,3.17823742379637,3.20340638628774,3.13268624382513,3.08522235202604,3.06030320009275,3.07437639250748,3.10600513986226
0.095462117767019,0.234899734910983,0.16567651988037,0.260737341198996,0.331122335817672,0.189921999941876,0.240204160936993,0.371463739871201,0.311318918254593,0.363462320713099,0.285693078220591,0.223527831449168,0.297659711276344,0.19749389650757,0.204423420898842,0.202323838071427,0.273514392725255,0.24529310209014,0.25409450552455,0.324248297988445,0.190285658485307
-0.0796357266290552,-0.0319756471003753,-0.0912836731466106,-0.0254224075267551,-0.0900845442835429,-0.00814472087329641,-0.0725998094089187,-0.00368670510481876,-0.0515063245235679,-0.0553124723807501,0.0340542751149013,-0.119505685998069,0.0878630559847435,-0.0660779237831309,-0.0390745757572671,-0.122957195197526,0.0212547596721988,-0.00712933756843352,-0.139303921219973,-0.0399780446595568,0.00337171264744742
0.402192992721262,0.430141905062927,0.478201841910874,0.570641930118932,0.621564501430086,0.655226352948951,0.708039406585284,0.813804331487495,0.85978426935704,0.740356267147936,0.732235486747592,0.624408948168416,0.672914903264274,0.702581584817781,0.610413683071421,0.536288673612452,0.611777332694285,0.660220357286099,0.558098870176942,0.505266489441328,0.509149693657546
-0.167763207870007,-0.221389470752635,-0.220664936404203,-0.1450462695741,0.0740456168935271,0.26359424883046,0.610479910931678,0.681985202435792,0.834923036678327,0.843271329886899,0.845341098080936,0.688811887180971,0.592050821603658,0.561152857818003,0.481477584901826,0.568043572207662,0.724902146091307,0.935090708124935,1.18874652861333,1.40209534357795,1.57553372621477
0.372011497312917,0.457621083480648,0.558205105045161,0.719835618158181,0.578702319553381,0.716912737057539,0.635911846311181,0.76235628503103,0.657339376738045,0.688794053219883,0.656019163029453,0.727081394297594,0.737354485446091,0.640789653720094,0.672349474812445,0.7203832168907,0.706410860445352,0.546671569556025,0.660602366778416,0.702170598770441,0.704392711689295
0.767401132195049,0.774173336832067,0.892641515180245,1.14423712765896,1.15945578107328,1.39811202359523,1.37981717827268,1.47844163843154,1.4974366740837,1.46052707124459,1.36670091194873,1.32182892796949,1.32446150719621,1.23086257027694,1.16137844870219,1.32813385500917,1.28312942553905,1.16658953167593,1.18840904971028,1.19020294709573,1.06647134523969
1.48889085150707,1.36874014741045,1.29326144220605,1.18532311840003,1.16486934703135,0.999528726403216,1.0528329713144,0.980685251845475,0.909535454644386,0.827311519787355,0.884670505028455,1.00638528623428,0.893527057979978,0.998350971723786,0.992362704490788,1.09074250140664,1.22968385612208,1.32714795948628,1.47715982125989,1.65705642488009,1.85047559406773
0.699192435799131,0.869812471321076,0.898652988381166,0.949650268826046,0.913259192588837,1.00019941865124,1.03075281439785,0.997043567421139,1.10629078228247,1.00111094016864,0.93607705584902,1.0529084079282,1.03405585758814,1.02207741521648,0.920200420580321,1.03084522800346,1.1087169014558,0.980361905292287,1.04104787847192,1.00417425457891,0.958691223219756
1.3236389549854,1.43626814598394,1.56716833806032,1.82842481552216,2.07910197270253,2.29165346345164,2.3592764255482,2.43661648171145,2.52417538266915,2.41520944039214,2.18757732343392,2.21360981975745,2.10218230247955,1.90749374197577,2.04167934115374,1.97644181047947,1.97680525403279,1.99908063971258,1.92674674802533,1.86964116359812,1.58960015091988
0.949350168168835,1.15100048328667,1.15844721287891,1.30804604707214,1.37133906912638,1.43713473126717,1.48110323318209,1.59926824914653,1.44920446326409,1.52198129839723,1.486323211731,1.54531641193404,1.59888231902136,1.49419879810138,1.45316632113505,1.46696327181445,1.38697359808909,1.39899444910188,1.46839652248839,1.38038073803465,1.45832882948019
1.40019853158593,1.60884591205745,1.81872006228985,1.97909339979611,2.29686267657317,2.42767750690371,2.64744891894071,2.86725576322625,2.63018386668453,2.59169120531795,2.55113947909338,2.28707258406892,2.2998773563162,2.18065187868117,2.19523951615366,2.15024046040911,2.22117399364069,2.30442373996744,2.16950299393921,2.12460956260106,1.90257798574668
-0.294103749685657,-0.242647328565158,-0.251718021071156,-0.16305019105115,0.0742212291956477,0.293935370015979,0.519672334576547,0.634863406755126,0.771906439974079,0.991237053190012,0.878967889429001,0.707408615232781,0.675543575668995,0.682860952946783,0.542070812335789,0.505670241604837,0.67241450900701,0.853188665897866,1.1127216964363,1.40773173848514,1.54661008272436
1.33662483705955,1.46452905897101,1.62631211246643,1.82798559258761,2.12276748506796,2.27688631162639,2.42755770189325,2.53178336249688,2.46060028697978,2.51658210188985,2.26806764820131,2.19914218969748,2.12062725496169,2.02683590231055,1.97270240659432,1.96790958772338,2.17015862598702,2.16264160803326,2.03915001897173,1.9415043739536,1.75648140996433
-0.0859630122509624,-0.195809581588837,-0.127275915570551,-0.1800455639208,-0.102233561724004,0.113672297880594,0.442115996910621,0.497168486953964,0.525327522486324,0.63887992275707,0.638092780047498,0.419198930528358,0.410448958767761,0.321060937070262,0.395907949252624,0.385067818784398,0.503261168996752,0.706255462560707,0.946602175980215,1.00412668231617,1.13952980556
-0.0516497000063954,-0.0766652671038925,-0.0500258552422752,-0.072652628271388,-0.0220377129030904,0.0185261847401246,0.179660538986705,0.324029989557688,0.389143006315984,0.304781287976761,0.381182482986959,0.240660531744529,0.187402192444273,0.203215824446716,0.177435865966483,0.146661660947268,0.341046029751302,0.271004135377451,0.367844575591665,0.54685276735054,0.542061533471454
1.78016791332729,1.64383820693295,1.44749338791582,1.23462332204704,1.24731992853006,1.1114101504942,1.03689624917603,1.08297019692044,1.0001230450065,0.979953170901045,1.07393931078941,1.04252569523861,1.05544831934248,1.17569947051416,1.20396189570962,1.37519212840129,1.37036890048251,1.61080039396297,1.70186559104024,1.86065260855618,2.09496308740603
1.30078243850611,1.14805716422377,1.07469635889793,0.95032046247101,0.902250465936983,0.855826762322334,0.784374488055933,0.736974485389117,0.747727512341406,0.787356690454728,0.648682804772916,0.765712581745625,0.828731576216057,0.832152831118064,0.900186863847949,0.887719072448883,1.01340632760753,1.14616920515042,1.12747912510493,1.30968807822098,1.42137939361919
0.525796899842301,0.651538564952946,0.616009298462151,0.760101848788914,0.828054865415799,0.966215061441749,0.978091085644114,0.937345674344902,0.958533400189921,1.00659258160652,0.946791220743049,0.83760510351774,0.890520164530196,0.879916186884398,0.759456518770603,0.804045218772232,0.813643978076814,0.721141280682153,0.648679417554976,0.724755266584928,0.715534609910535
1.32632327636567,1.42263215981021,1.65583103384299,1.84712325033006,1.8017210388766,1.84882791631454,1.98522546734016,1.96908649505329,1.9322694000119,1.96070436604006,1.94994241543456,2.02159150177049,1.91830377263126,2.02372708763244,1.9559772047185,1.93255780306666,1.9274963264083,1.8462233807927,1.84569014549198,1.88213563616435,1.77347996702046
1.64869065585591,1.52815938553762,1.33524644377005,1.30371140117178,1.1591054141892,1.03686250280954,0.971371616435568,1.05221052499302,0.949792674661085,0.969936290884206,1.01215070632667,0.982907418040643,1.11992110785221,1.07026646272881,1.22641788416061,1.25498901877847,1.41388464511083,1.42999246691245,1.57227163069238,1.84069295829935,2.00992299263208
-0.096329544722067,-0.0516004724875046,-0.105645050841077,-0.0722701537424694,0.0458407643274827,0.0504984498421016,0.152224339120635,0.297722294390528,0.296417729693782,0.305338947266767,0.352040523894563,0.357960761645067,0.38433658193538,0.214898865303762,0.260932328215029,0.15037626218507,0.232849564167262,0.329368727233052,0.419910600319243,0.611019535862051,0.554946617513341
-0.301289294379476,-0.336261260730028,-0.308388050939452,-0.148013177208893,0.0492854860403262,0.385277139222003,0.615280574229846,0.886816472042984,1.19889192628745,1.30341093863843,1.20267277156765,0.956593332587057,0.892247875112829,0.63991488605069,0.608486974130605,0.704140334988888,0.971696427832724,1.19558885481591,1.58007404125962,1.8896653989615,2.12483685879301
0.391802888276564,0.421821168758381,0.525267144375878,0.604489294794697,0.631271204519377,0.548062156184206,0.673528260991163,0.679861770218682,0.602714797199752,0.594083161282983,0.639098096511248,0.615760122198397,0.62972697008756,0.626146619878541,0.539043116245609,0.583052514182089,0.592085633267429,0.533407696244407,0.546326378673027,0.55816553489879,0.472039838698158
1.30355381139716,1.23612229383644,1.05204077842974,1.05539837618078,0.930543913374203,0.906789461159641,0.815008737372749,0.84561141272285,0.794155396385899,0.875427068499837,0.780527375807319,0.824493412711648,0.824849746772721,0.947933782287638,0.876662421331845,1.06182329725247,1.03545324915426,1.22211742879497,1.21534197294788,1.4155479660924,1.60833409986214
0.403696408968248,0.449777368764058,0.606114548946488,0.492315418703656,0.55604960091821,0.577336194802278,0.607195882368683,0.573094228165031,0.61979303757051,0.700775863477494,0.633296810870181,0.610081280116773,0.525591647151087,0.523065402874864,0.553810028072453,0.486816652064258,0.619090930843996,0.549074220808333,0.556662136863439,0.58900320001097,0.475483603125019
0.66591953428218,0.876147506833715,0.94470144499274,0.93228840898203,1.03907655221137,1.00359386975019,1.09229120764486,1.00595609536236,1.03619225604001,1.08991371133202,1.02568218004415,1.05774712582453,0.944911572163335,1.04499393036091,1.20334284747036,1.07192115390674,0.927094820855104,0.997406164740847,0.981863927562001,1.01768073409284,0.960841749598167
-0.000845238388571905,0.0375148910635603,0.0449566675567086,0.012993451227588,-0.0138980723377043,0.0828238620813548,0.0648855773875224,-0.0169948766949589,0.0579894307778313,0.0466804286889266,0.0711243323080544,0.0875126518874335,-0.0593336735218711,-0.00163554687356342,0.0496307991027379,0.0134649708649222,-0.052154516082898,0.0338349145355042,1.06702210997747e-05,0.0591866753204279,-0.0365970983565983
0.710337912462715,0.68397980582662,0.719004760625763,0.548995920076726,0.61562803460441,0.525512028349563,0.44725674197911,0.449970742213274,0.390759709631964,0.434593250613487,0.482752057687825,0.559377818755503,0.522332843773732,0.47734661252909,0.642701340536301,0.619835491756697,0.604612740574825,0.73391857211649,0.777649674945101,0.79907370831762,0.944254393677244
-0.377618199364245,-0.511474981379211,-0.396637279269095,-0.224862828901832,0.100136896584898,0.500392571766302,0.848399490948526,1.20496224373851,1.41809791194901,1.55459025423302,1.5128940545827,1.24336824683694,1.08107075036147,0.909878434479088,0.919300462939986,0.987097476656266,1.2831501762194,1.6347678714093,1.96962065274411,2.25544838098596,2.776537897778
0.575580923745203,0.63431821952371,0.697054416110395,0.747558666734345,0.736870674155345,0.785962303418289,0.883968588721215,0.83822901041181,0.863333934966003,0.823062540799139,0.843837378473192,0.806807241715225,0.896120862854166,0.782446529969581,0.890701526048411,0.763469533717235,0.873294914207851,0.819267100951273,0.785324993337553,0.772191244943671,0.768492160121447
0.86769045475365,0.774542739436237,0.697865623334874,0.667861330552255,0.513511050782949,0.559468164590375,0.493483327312565,0.494926412337454,0.553618405462709,0.546346079681119,0.539219632870852,0.520132692870882,0.518315584887532,0.576086312358361,0.648801873441874,0.66768413906983,0.595400996694175,0.827175314062072,0.832266686063954,0.881550012602104,0.972910519844247
-0.166150617149187,-0.24458686398165,-0.276109032632483,-0.144000873746529,0.0138342441918667,0.265926324024092,0.600900225901939,0.707314357697469,0.837086742120641,0.840103328604683,0.792421305589375,0.697232434090093,0.57853384894459,0.558638559746591,0.527396543276615,0.477778102270097,0.617112824372149,0.858728604412949,1.20254653013028,1.32779994794031,1.53101638629366
0.203060517011001,0.165602832084538,0.0427063998316507,0.101208988237831,0.0973377612606517,0.157766834069892,0.114098395377617,0.0650776930257049,0.0821743625410909,0.0540575860463573,0.085803222459535,0.201662948636711,0.159422186479808,0.0832342752795346,0.179308851770207,0.167232517709231,0.167711045048517,0.163800156732102,0.168907737891239,0.188374079991841,0.0936645426630689
-0.165982970527644,-0.210250174328494,-0.223251968006252,-0.137121107604125,0.0681631888190704,0.340156796725234,0.462219992763913,0.792085100982481,0.874484245425651,0.914557556216467,0.79767152693399,0.754592496037824,0.6531085762636,0.578685501362645,0.497568958257254,0.617925393508439,0.724017084516296,0.98275655087868,1.21687880505554,1.48374797811853,1.60406970154296
-0.0117722365054876,0.0316805365481237,0.0628603382445961,0.0311440247236599,-0.0124248305701166,-0.103459922260386,-0.00162909959370168,-0.0663163032587031,-0.140987606894113,-0.161442707690195,-0.113045936773517,-0.13303062558969,-0.0473961750704471,-0.046554788822019,-0.055532081460956,0.0207796862397945,-0.0540581313692763,-0.118304721760338,-0.172377716806779,-0.214854467219889,-0.161914715918119
1.41846366729181,1.21242775762702,1.2064862947083,0.941979559100577,0.94783196383133,0.888397415715571,0.869401219574515,0.807561127027396,0.794862074592442,0.829125957860702,0.764077089793325,0.843487852851494,0.834547863401494,0.905801034252336,1.05307691884433,0.97190002613817,1.14133800774273,1.14487119666481,1.35644810979588,1.51548325350007,1.63563910799209
0.565311386545345,0.427338937185364,0.474299787398739,0.452824052301904,0.387103531393997,0.413556879826699,0.332614060203055,0.338076053447165,0.316706047485932,0.382542016056847,0.314242407320623,0.286886219555789,0.368307480821905,0.328179217100649,0.371687982834175,0.452522597355837,0.516080400734664,0.46299540622782,0.570107907006572,0.751733599606659,0.702947370693121
-0.0384644530902722,0.00169797461068574,-0.00882303007568015,-0.0357957114386724,0.0480072331360823,0.073238414362593,0.139873416634186,0.16629420864597,0.232376571937507,0.240877936976254,0.287224105298301,0.0730446320102835,0.158178885513932,0.111294375809635,0.074349593981164,0.139014667959965,0.162610257581984,0.173432733481743,0.353968606250285,0.456444024649797,0.390913127834348
1.31042404506067,1.59127612569921,1.68872778242135,1.84040225596354,1.87340516139373,1.93410401072789,2.00982562828189,2.0468560616175,1.98311600676866,2.00305636863772,2.01397220737733,1.95830981018656,1.96464293193169,1.86746401412245,1.99275452214119,1.94583163631969,1.95392852057192,1.92038932998888,1.81212235055309,1.79775508628378,1.89999822312618
0.640730219370687,0.651743424184659,0.796905524298337,0.93444349819475,0.974245827008944,1.16949722285026,1.22755270873303,1.21194942043484,1.21179844871909,1.17106157223251,1.20742642637095,1.13408719321501,1.04314224157132,1.0497233444698,1.03910106600966,0.980445294859202,1.02472377866824,1.05362094877451,1.06455300082263,0.892529571549292,0.923887209253203
0.799227992923895,0.843245845837571,0.915350433424368,0.961483030251096,1.10852494479859,1.26319243416414,1.35822067331964,1.4071709535784,1.37588634356264,1.3510348345914,1.19153939362248,1.21221563815833,1.13271797808448,1.17171715443133,1.16002579139023,1.12337832123715,1.11910361960153,1.1266969942559,1.15005831826103,1.04791173227336,1.03428887594289
0.764450588998974,1.04420210931451,1.03285633501908,1.13597545872791,1.17439066431482,1.22164806335094,1.2011022384829,1.17389807387104,1.22539882637042,1.26657673643188,1.2817327673574,1.21342776944074,1.25107626262517,1.32369803129366,1.19821455675341,1.18844116826237,1.16698182855965,1.12834804851106,1.2603773544905,1.17688268711204,1.23920775361385
0.640479278869636,0.707013960233124,0.727420293888659,0.910938099722298,0.912599383421318,0.908111500708952,0.881499439586319,0.915302162430034,0.951590360834445,0.921636190468389,0.949084091503603,1.00573304144382,0.95329178153312,0.957880753133595,0.889076420385726,1.00572632791555,0.992264220260866,0.904130181719361,0.948696885154156,0.919949015954282,0.975897878945115
1.20622797921028,1.38776644981677,1.52398456169746,1.62409812261185,1.73357305747414,1.69144352737066,1.81923614668662,1.84916843410959,1.80111335555599,1.9048147322409,1.78422370257895,1.78618281232173,1.9146571667116,1.81447973049793,1.82007964006466,1.74950590148161,1.70990595883403,1.7933444651745,1.74857700135457,1.78518092554314,1.66494570341369
1.24358765658779,1.45487751620447,1.66621238709467,1.66011679970748,1.76837099633027,1.87388895728973,1.83167012116169,2.0004822397236,1.9778127772509,1.98832386308823,2.02053934727069,1.9590444221904,1.96027088358469,1.97319915805446,1.90379508823321,1.9516460346032,1.9276558124066,1.85350034112816,1.79508599455224,1.84306468712875,1.85100099623858
0.0348501161239087,0.134102582521595,0.0371836356177273,0.137358507258876,0.0152620077274563,0.0917483740258307,0.0111257110022744,0.0447027960473426,0.0621257191233641,0.0673280694828484,0.114399607598451,0.119227935221099,0.072112068574107,0.158262324102783,-0.000531673026999635,0.0385790476560183,0.0648847620148607,0.0154114337432488,0.0547925008858982,-0.0293077956220753,-0.0522718221511113
0.922042635887208,0.908324859558273,0.849793178358316,0.774808118302043,0.743769982787051,0.635357686064928,0.546763483145067,0.597922155950275,0.586126725776096,0.553904108652699,0.512449260978867,0.52051445813029,0.619260602264975,0.673147476885919,0.663549247017558,0.779447464107285,0.780103318865162,0.837061948051378,0.99077913423766,1.10491963252004,1.25793931894124
1.14759976816161,0.981941646248221,0.966928458194143,0.859743700892952,0.875604944403845,0.815997379465253,0.756499344653728,0.742607322092549,0.680872750647563,0.757483793452964,0.747282381704181,0.711487659511506,0.7720861915857,0.797572800789906,0.891441536344351,0.98207480663468,0.974997272631002,1.04971571441481,1.1020569402858,1.21497166670786,1.38660469459721
0.0695075003248281,0.00344640626382975,-0.0482944857978126,0.076233755474798,0.106727896190573,0.0374122780267802,0.0164209798848634,-0.0101568307836325,0.0632615480221988,-0.091536227837686,-0.0345331887795795,-0.0240526211988985,-0.092964721245117,-0.00584641956547472,0.0107457464290404,0.057320051802004,-0.0506833330382274,0.0567743527108782,-0.0376612877059225,-0.084678110420698,-0.0286326257702333
-0.0654680142072608,-0.124661635983442,-0.267668637207848,-0.16366988195303,0.0727390187707379,0.10007904544702,0.22247919734059,0.284039375548716,0.365295147662757,0.401601122732042,0.332929712430816,0.305918050742101,0.305138291974263,0.22966602845169,0.21269003718735,0.212700024038674,0.297356113805246,0.43678122061392,0.517193226072075,0.57939031433799,0.642155025075425
0.377580656451861,0.460857201294672,0.386747835362057,0.377804239628805,0.298623305878669,0.250985947843345,0.277707020192676,0.386864817564325,0.327482694955898,0.217031381429507,0.267921705953743,0.30824547580689,0.370438659191265,0.382377677437413,0.331274863675137,0.382247347099034,0.340868686390386,0.420993802670305,0.530431112030627,0.551180216739444,0.471977054214681
0.722299558002424,0.798707005258695,0.583370184615291,0.52188867247607,0.567384575633013,0.512409741971589,0.342179966213351,0.480725236776204,0.48081859943817,0.422271630993362,0.485441823676618,0.437217252504623,0.463179854564657,0.616277525618985,0.535334595439809,0.582867222649506,0.644969469731609,0.687233127618846,0.773153912253102,0.814269065871547,0.860274326763214
-0.201897056179153,-0.237899753421091,-0.204486425605899,-0.116087003334369,0.0217085127304607,0.345501939808785,0.421041743970434,0.687184025226846,0.895444400464478,0.867662621974456,0.862709448057301,0.7394632398078,0.586870764383966,0.531652621777184,0.470177912669183,0.4494116744185,0.631450296678365,0.848274023941758,1.13999456716962,1.31231682821815,1.53880630366708
0.415050715395409,0.381534145987897,0.449834685917286,0.550529383070038,0.55248313678611,0.670232834531024,0.65568538315181,0.721371925205283,0.769824765508568,0.717736468038753,0.599025222813406,0.529999930817445,0.701750187954325,0.661335694643529,0.597445629643141,0.531381817481353,0.654780731187087,0.669524264352527,0.510601131306854,0.513172097788348,0.47993775690938
0.106815568302723,-0.0377337377637612,0.0115540776140353,0.00470190025940148,0.049442446825451,0.127565527316024,0.036708464874816,-0.0820787405015706,0.099742661328523,0.0288473759251844,-0.034143289225648,-0.0449390683583459,0.100261876898847,0.0408070939439045,-0.0109930319490804,-0.0413023089819642,0.0367555315519085,0.0067612944359893,0.158303886048461,-0.051732843564354,0.194050836183966
0.423453792811879,0.568947730454236,0.585671183665671,0.651719020059488,0.817546735622811,0.814144956484037,0.816871419390867,0.983045843326863,0.878102536023537,0.904044203536962,0.883709577165352,0.732798871706831,0.701060032889508,0.752689014902296,0.761701256577815,0.71136165109504,0.783896240029275,0.771822841288539,0.707424756529348,0.676707515305264,0.707612768140609
1.42860386907461,1.25540505655701,1.1817145073055,1.1226597284857,0.991583804414725,0.972474417176482,0.88053257130003,0.857739806254734,0.755582386213288,0.762579002973068,0.812140482376748,0.777703061911092,0.918014290276608,0.894066094011595,1.0073478473444,1.04817455807383,1.22116291208894,1.20132825096931,1.31768173838967,1.47820674026118,1.72497385352
0.319442368556055,0.342025461170714,0.427375749181571,0.440213682928002,0.50833399047387,0.454374032479073,0.378242122832181,0.388427629301316,0.530378731003351,0.548680667664415,0.523177694967144,0.396675236482877,0.368711872938254,0.603002638767658,0.492298468917636,0.566125816002582,0.446172915902887,0.51782908061794,0.473615596130541,0.423488126348343,0.443734240602503
-0.180113270901509,-0.248189491632468,-0.243126531906631,-0.0999941738014804,0.0851968456238347,0.308587436832312,0.418077383185146,0.556628922314168,0.770229521469754,0.678468575609101,0.684159010136371,0.535404262989871,0.577914006539615,0.475346340489145,0.422967753594348,0.498505073187496,0.620363756966457,0.686554678202385,0.967236757890371,1.25493351891246,1.26090918115325
1.86263579109066,2.04630865766584,2.40864529541509,2.39397945148555,2.63279692673262,2.63862246166671,2.72367283673239,2.69373354466624,2.74555546259921,2.80821795257007,2.78014281505781,2.79627866052904,2.68508641620251,2.64751952389377,2.65656810961013,2.65045956251669,2.64934017741418,2.60496920952328,2.6421668615989,2.61174753687058,2.60230934449757
0.335881395309706,0.353122025768762,0.208228568280648,0.240221665156615,0.26249739273891,0.209802959759923,0.305141587168899,0.235192681301789,0.281449463016863,0.227500095841019,0.230551148866529,0.242681111394393,0.0814792997213831,0.217300186864547,0.149294379022679,0.220783989018655,0.328745395957723,0.331203253141872,0.347845324868295,0.430129540011418,0.503132575015514
1.44861224640465,1.80784933293315,1.93162563452594,2.1285779137019,2.06365555708138,2.19564099018305,2.26960542831601,2.19171702751858,2.37812273377841,2.27048857869351,2.30696325501555,2.34504594542485,2.30373184345689,2.24466052031578,2.22365582442238,2.1301123193914,2.28652241082396,2.27751093465661,2.27699752976494,2.20855934536691,2.14171853028492
1.30285091249839,1.49025316822293,1.68233532402609,1.76929831327075,1.80034155571924,1.855203029612,1.86435373548553,1.83801852289969,1.89154320911483,1.91038897135506,1.91645078035707,1.87891185409174,1.91451671848839,1.83191639545408,1.79443132245232,1.86660046000083,1.93771910869141,1.83729258069383,1.82436108112333,1.86859896170816,1.82225320068373
1.25102529104182,1.04912268812218,1.04203160282487,0.943140927917022,0.824274643666743,0.847935875380181,0.801204708745306,0.787107191176114,0.66949053479533,0.787850887073904,0.707126050738235,0.831850905837413,0.768870575720561,0.782670253344072,0.877646313929894,0.900138996622752,0.959199900568524,1.20060706169337,1.22386593595237,1.28398963433599,1.38126406962129
-0.00310907004878183,-0.216399795331306,0.0101569830174109,-0.010197508483532,0.0318839655783087,0.106079895350499,0.216896809578105,0.277783750015651,0.285545716796739,0.303328155295248,0.371083668923458,0.241928037271714,0.269574402356621,0.210554485010683,0.201877048165565,0.147080082440545,0.231587163265011,0.317671050155175,0.476517826421452,0.567815503732587,0.729291819215223
0.727523764269449,0.808352660326162,0.930401598755152,1.03553713060834,1.12516096760803,1.20361461598096,1.25350237735,1.3483668057457,1.42731562097723,1.30818108955627,1.23481185186546,1.17432547184095,1.08062587113108,1.0837549997078,1.12101931751117,1.16808413697333,1.1502985758773,1.13038143059252,1.11077672869499,0.986798650075801,0.984148452912788
-0.215280587002676,-0.252023535219581,-0.316649340615953,-0.206121280908745,0.0560640089351107,0.288126091853343,0.628045982162504,0.855638878341828,0.99368123908285,1.14197406379685,0.974493794245477,0.896531800301914,0.824138879824018,0.542856822515681,0.609147054561252,0.745407715372525,0.892538292246158,1.0903782530775,1.48718374866808,1.65076581990642,1.85908667282334
0.252820987145093,0.28038602183313,0.24922059972152,0.400563334691558,0.409396276921346,0.318925077415723,0.474961562993533,0.441483980983652,0.408536224151706,0.380785759199646,0.369802926003171,0.408860995823754,0.357416121646298,0.294679445130601,0.338641710668742,0.275025423682415,0.34709881124523,0.339575030386679,0.323377275957179,0.446570796566274,0.196271397155619
0.0151123834925013,-0.161114667301199,-0.0389068273721455,0.0205021971605595,0.0707694496222573,0.0861346304500633,0.149497560668034,0.148930135179645,0.19000822209605,0.194992646742485,0.225885676823101,0.230256278775751,0.111017805511286,0.10214464044376,0.0594978824263359,0.0573875193652303,0.147352842688137,0.206573064789717,0.213371615050094,0.276300616022057,0.321608530481188
0.220038909788429,0.271945283942396,0.231269323399738,0.192051413058582,0.0764243391608006,0.129146046357391,0.202548796602117,0.0697201154246032,0.148927051296156,0.155254078055515,0.145582928137452,0.168905551413529,0.121144640259204,0.133140373639227,0.201730371771382,0.135384368554763,0.116153433327886,0.180074498652324,0.275219037454685,0.219655966894966,0.270723244270698
-0.233308786703603,-0.35651841928,-0.349866131777334,-0.176777692283536,0.0515277213348416,0.355449746591441,0.674916923471507,0.916449897413883,1.08880956916837,1.09263743766573,1.13985341707982,1.00216838792783,0.89416552830904,0.66135235810885,0.598817394307192,0.765652908113348,0.83145417353009,1.18696619647385,1.4769116183306,1.8303764738459,2.04467727454055
0.389133069558655,0.487809406812094,0.524918496107992,0.598743326115255,0.579844670255546,0.632522384340222,0.606083147640806,0.629353468062006,0.686655310145425,0.729535922575977,0.687679906794313,0.614077784445305,0.688140663761068,0.59586645855743,0.708848323257663,0.552159184627066,0.520290056812376,0.638454710151781,0.53296722233406,0.598907276618202,0.618064720574211
-0.172503023564366,-0.140161551489601,-0.129142381003245,-0.138648755836904,-0.0680870102587587,0.209942846992741,0.252455680735278,0.339590551300254,0.505656834173293,0.571938322251229,0.498253788745401,0.40658075248276,0.387079997102767,0.310504717860438,0.324040829054517,0.329133656608694,0.381335387391953,0.555926570258493,0.66944281284292,0.73196933917903,0.875563136386385
0.928350264682485,0.800116159153257,0.785603270151042,0.670732117743964,0.662078555289849,0.534589254569103,0.525686934127226,0.488460842824037,0.53213686680767,0.509925258178496,0.546458216418131,0.637911084909706,0.552173344158292,0.601262228222808,0.537337640051107,0.587236057573759,0.739607223954758,0.734435203828827,0.854535653710614,0.946540660732577,1.04113470092988
1.27110338371113,1.517498655621,1.61234912776987,1.82527160539647,1.8857352963758,1.85136206733249,1.97617603102885,1.99520862425042,1.97998809500972,1.95980649115841,1.93870569180832,2.09007905453996,2.03603011505301,2.04718050850729,1.94343945226253,1.91836492853215,1.93284611777457,1.92735771640416,1.94897123639544,1.9234025631661,1.84746432304969
