"individual","time_idx","value","time"
1,1,0.677991153401901,0
2,1,0.849592045890775,0
3,1,1.83986622892114,0
4,1,1.0100624742349,0
5,1,-0.220933585390588,0
6,1,-0.293086714691853,0
7,1,0.9964411407811,0
8,1,-0.0142946230647773,0
9,1,0.532921206523068,0
10,1,-0.178147694909891,0
11,1,1.57647748214032,0
12,1,1.05246735260345,0
13,1,1.18343792904611,0
14,1,0.872458133777593,0
15,1,0.657803725732851,0
16,1,1.91805965425664,0
17,1,1.18034486379329,0
18,1,-0.0403068509542882,0
19,1,1.37454186309697,0
20,1,0.72936465512723,0
21,1,0.422783841713599,0
22,1,0.94795051154458,0
23,1,-0.0996705757918725,0
24,1,0.634643337886796,0
25,1,-0.0705769908289885,0
26,1,0.052021860416927,0
27,1,1.15778697215349,0
28,1,0.861371631001441,0
29,1,0.0216617330615009,0
30,1,-0.238724159376237,0
31,1,1.2039128975039,0
32,1,0.860911008219357,0
33,1,1.39358645560725,0
34,1,-0.233839861777796,0
35,1,1.26299882384785,0
36,1,1.26235375874721,0
37,1,1.20693314199738,0
38,1,0.925426771193107,0
39,1,0.841768045611383,0
40,1,-0.166523382103621,0
41,1,-0.0571827264048188,0
42,1,-0.106393084580807,0
43,1,0.300805443540554,0
44,1,2.10429820536981,0
45,1,1.69230675423303,0
46,1,0.341322937228687,0
47,1,0.679437070888734,0
48,1,0.714686483479674,0
49,1,1.4621884083137,0
50,1,0.748540927684162,0
51,1,1.07822202265946,0
52,1,-0.173455274348664,0
53,1,0.994825857833786,0
54,1,1.59761305509565,0
55,1,0.796438342220934,0
56,1,-0.312865013855253,0
57,1,0.147143486653597,0
58,1,1.21798414852398,0
59,1,1.00796874754395,0
60,1,1.11016505833605,0
61,1,1.00343917278838,0
62,1,0.648032336793857,0
63,1,0.762197176335039,0
64,1,-0.0590310024242757,0
65,1,0.449291845074203,0
66,1,1.07351048914351,0
67,1,1.15150058773879,0
68,1,1.06309173060255,0
69,1,1.39668736366854,0
70,1,-0.385794614589906,0
71,1,0.75463309585311,0
72,1,-0.0143252121584733,0
73,1,1.46268385529162,0
74,1,0.462721712147,0
75,1,-0.170678332913562,0
76,1,1.49738064945067,0
77,1,-0.0574907280166187,0
78,1,0.277010438647378,0
79,1,1.08887190241239,0
80,1,-0.123846693962899,0
81,1,0.779304493949678,0
82,1,1.08534528346371,0
83,1,0.570217799329721,0
84,1,1.09879539619541,0
85,1,0.889682945902648,0
86,1,0.923928691009453,0
87,1,1.29806996211902,0
88,1,1.20091257441834,0
89,1,0.782050287983287,0
90,1,1.22523838733384,0
91,1,-0.216166864203242,0
92,1,1.16698751108166,0
93,1,-0.166026852807414,0
94,1,0.724940590641886,0
95,1,1.28794257675261,0
96,1,0.595039108931131,0
97,1,1.82045395706215,0
98,1,-0.412566691265393,0
99,1,0.930049877829032,0
100,1,0.450702133259631,0
1,2,0.619860734336493,0.05
2,2,0.854912551416072,0.05
3,2,1.70830234609281,0.05
4,2,0.978149407144577,0.05
5,2,-0.267424846018123,0.05
6,2,-0.429647089802635,0.05
7,2,1.18816056123777,0.05
8,2,-0.0483125142514926,0.05
9,2,0.70433580365019,0.05
10,2,-0.0688642125047525,0.05
11,2,1.83404080481164,0.05
12,2,1.09666585289931,0.05
13,2,1.4000199403053,0.05
14,2,1.03167510982336,0.05
15,2,0.778423563375426,0.05
16,2,1.6530156136093,0.05
17,2,1.39320390461086,0.05
18,2,0.0416104412911449,0.05
19,2,1.22108469233659,0.05
20,2,0.60572348903204,0.05
21,2,0.301168787905773,0.05
22,2,0.886240758181544,0.05
23,2,-0.114009464261373,0.05
24,2,0.53385066661812,0.05
25,2,-0.0848126532682312,0.05
26,2,0.0320488948079068,0.05
27,2,1.31309153173801,0.05
28,2,1.021925820044,0.05
29,2,-0.0543348506158022,0.05
30,2,-0.329626192619538,0.05
31,2,1.17777766020844,0.05
32,2,0.869123740267768,0.05
33,2,1.68987650189483,0.05
34,2,-0.340862215828579,0.05
35,2,1.35292889907175,0.05
36,2,1.31131935375846,0.05
37,2,1.49842786121112,0.05
38,2,0.837685140909175,0.05
39,2,1.01645456517609,0.05
40,2,-0.231190043217119,0.05
41,2,-0.0704001113865291,0.05
42,2,-0.122411657348293,0.05
43,2,0.377622192518674,0.05
44,2,2.48296682048443,0.05
45,2,1.36199527647597,0.05
46,2,0.29154061590493,0.05
47,2,0.722965027179119,0.05
48,2,0.854279701130934,0.05
49,2,1.59637281962926,0.05
50,2,0.881261198433335,0.05
51,2,1.20531647981508,0.05
52,2,-0.239808054333304,0.05
53,2,1.11396529948275,0.05
54,2,1.93634141371838,0.05
55,2,0.887319066367716,0.05
56,2,-0.397779846349586,0.05
57,2,0.142839325563558,0.05
58,2,1.46358660703773,0.05
59,2,0.962193637980536,0.05
60,2,1.26383511667508,0.05
61,2,1.12947807227873,0.05
62,2,0.672524953853446,0.05
63,2,0.953753963543993,0.05
64,2,-0.0209607067180605,0.05
65,2,0.382538524435889,0.05
66,2,1.32225831072857,0.05
67,2,1.39935822206073,0.05
68,2,0.933854196668443,0.05
69,2,1.77988235979095,0.05
70,2,-0.378283953455304,0.05
71,2,0.71277220889572,0.05
72,2,0.0631512889222269,0.05
73,2,1.7397635934391,0.05
74,2,0.45578609155113,0.05
75,2,-0.136845934826931,0.05
76,2,1.42910727137835,0.05
77,2,-0.204303340686437,0.05
78,2,0.350028016954695,0.05
79,2,1.28032594602998,0.05
80,2,-0.236207319416987,0.05
81,2,0.99051368903829,0.05
82,2,1.44446948468618,0.05
83,2,0.747520949163745,0.05
84,2,1.25006829043255,0.05
85,2,0.752671659387685,0.05
86,2,1.089892447307,0.05
87,2,1.42381506165435,0.05
88,2,1.16428293440881,0.05
89,2,0.88035786726536,0.05
90,2,1.55765037415873,0.05
91,2,-0.362290814935982,0.05
92,2,1.48837242430628,0.05
93,2,-0.204751220466586,0.05
94,2,0.704916117233086,0.05
95,2,1.55295513966091,0.05
96,2,0.695273702502089,0.05
97,2,2.12519631756551,0.05
98,2,-0.422834095942175,0.05
99,2,0.837257581193989,0.05
100,2,0.440806013567306,0.05
1,3,0.579662302430187,0.1
2,3,0.707670313412991,0.1
3,3,1.53743067255205,0.1
4,3,0.935518397856911,0.1
5,3,-0.211656638690089,0.1
6,3,-0.408936335896542,0.1
7,3,1.20200502875872,0.1
8,3,-0.0497356478449145,0.1
9,3,0.764272017740932,0.1
10,3,-0.12225622273431,0.1
11,3,2.08534482899561,0.1
12,3,1.2193444841152,0.1
13,3,1.49458606956144,0.1
14,3,1.04826594566342,0.1
15,3,0.954021556899161,0.1
16,3,1.62388434682746,0.1
17,3,1.61372068842796,0.1
18,3,-0.00728328738522711,0.1
19,3,1.08378078832205,0.1
20,3,0.600791853366628,0.1
21,3,0.360345321812883,0.1
22,3,0.721492493233064,0.1
23,3,-0.0752630330976919,0.1
24,3,0.573229568241033,0.1
25,3,-0.232572859960945,0.1
26,3,0.033741983427325,0.1
27,3,1.49675666360659,0.1
28,3,1.08815323760181,0.1
29,3,-0.0324997791096144,0.1
30,3,-0.320525302149035,0.1
31,3,1.03279754905199,0.1
32,3,1.00307133447071,0.1
33,3,1.91318659604872,0.1
34,3,-0.278177270407119,0.1
35,3,1.58229733730939,0.1
36,3,1.07572732766676,0.1
37,3,1.66687374427555,0.1
38,3,0.86605238815824,0.1
39,3,1.07223599730888,0.1
40,3,-0.146562162328687,0.1
41,3,-0.152334253390576,0.1
42,3,-0.213540463458681,0.1
43,3,0.354431345161636,0.1
44,3,2.73210856081264,0.1
45,3,1.42400944236441,0.1
46,3,0.39655808752476,0.1
47,3,0.794065031859444,0.1
48,3,0.962837702724871,0.1
49,3,1.80820268105709,0.1
50,3,1.07003040365306,0.1
51,3,1.41380535374313,0.1
52,3,-0.172961861804509,0.1
53,3,1.09291085185648,0.1
54,3,2.1479260778627,0.1
55,3,1.15060847533108,0.1
56,3,-0.376719678203095,0.1
57,3,0.102394376386291,0.1
58,3,1.66069373463271,0.1
59,3,0.829811440730522,0.1
60,3,1.35629889896129,0.1
61,3,1.31561436464572,0.1
62,3,0.578105311920006,0.1
63,3,1.02179345404086,0.1
64,3,-0.0268802249773119,0.1
65,3,0.388652138982441,0.1
66,3,1.5114731868083,0.1
67,3,1.61070248217032,0.1
68,3,0.82615922667511,0.1
69,3,1.85918581583552,0.1
70,3,-0.405320452262886,0.1
71,3,0.654141224362702,0.1
72,3,0.00663372611348375,0.1
73,3,1.87496630292803,0.1
74,3,0.61987758222421,0.1
75,3,-0.0847970019492725,0.1
76,3,1.28412426704548,0.1
77,3,-0.112879339007628,0.1
78,3,0.21287488492725,0.1
79,3,1.34439646923213,0.1
80,3,-0.250596340855706,0.1
81,3,1.03247113820071,0.1
82,3,1.39744117790113,0.1
83,3,0.867569678143027,0.1
84,3,1.49351622723179,0.1
85,3,0.748389622570508,0.1
86,3,1.28951743243139,0.1
87,3,1.63397301878063,0.1
88,3,1.03606593070082,0.1
89,3,0.994305269841588,0.1
90,3,1.75114374481681,0.1
91,3,-0.362715930108838,0.1
92,3,1.59950995857098,0.1
93,3,-0.226298878052788,0.1
94,3,0.869870763969937,0.1
95,3,1.76842860663075,0.1
96,3,0.840949886501513,0.1
97,3,2.22229497863375,0.1
98,3,-0.29624528580671,0.1
99,3,0.787477372304254,0.1
100,3,0.347912205049969,0.1
1,4,0.529323448292732,0.15
2,4,0.676344166375772,0.15
3,4,1.31827425515958,0.15
4,4,0.70152282414575,0.15
5,4,-0.194345342707488,0.15
6,4,-0.132985165532095,0.15
7,4,1.48811398096334,0.15
8,4,0.00268795511077168,0.15
9,4,0.872986359444867,0.15
10,4,-0.0107010461845615,0.15
11,4,2.23988265257314,0.15
12,4,1.46962186937674,0.15
13,4,1.70314097857659,0.15
14,4,1.26883594221181,0.15
15,4,0.951434849531917,0.15
16,4,1.53919335889163,0.15
17,4,1.63991995402038,0.15
18,4,0.00955032759466053,0.15
19,4,1.13706962495617,0.15
20,4,0.538511134978926,0.15
21,4,0.353460237366957,0.15
22,4,0.601093603381176,0.15
23,4,-0.0518631185613128,0.15
24,4,0.490567714406067,0.15
25,4,-0.047515563390757,0.15
26,4,0.0467872321065705,0.15
27,4,1.66329776505041,0.15
28,4,1.27254929278365,0.15
29,4,0.0710035482908461,0.15
30,4,-0.192534300497716,0.15
31,4,0.915737284510505,0.15
32,4,1.06548270775083,0.15
33,4,1.92047884261643,0.15
34,4,-0.103130077706386,0.15
35,4,1.71096008036343,0.15
36,4,1.06463986159826,0.15
37,4,1.68099535426736,0.15
38,4,0.684328441009837,0.15
39,4,1.12121870798949,0.15
40,4,-0.0782401378126632,0.15
41,4,-0.0929536523621362,0.15
42,4,-0.0640923590719894,0.15
43,4,0.509784084312705,0.15
44,4,2.97654046653075,0.15
45,4,1.23080649576428,0.15
46,4,0.484538146246633,0.15
47,4,0.91265480631091,0.15
48,4,0.983501878987368,0.15
49,4,1.88141341592381,0.15
50,4,1.06419161450854,0.15
51,4,1.48575930973382,0.15
52,4,-0.134705794500558,0.15
53,4,1.21287425809207,0.15
54,4,2.32556018427405,0.15
55,4,1.11718850253685,0.15
56,4,-0.228612198093629,0.15
57,4,0.133674226820578,0.15
58,4,1.74500129747615,0.15
59,4,0.799968786659694,0.15
60,4,1.47219514260435,0.15
61,4,1.40416083896225,0.15
62,4,0.648482438997139,0.15
63,4,0.987315936470441,0.15
64,4,-0.0670592179899473,0.15
65,4,0.343576250642525,0.15
66,4,1.56733965340823,0.15
67,4,1.66011236148216,0.15
68,4,0.874282647250903,0.15
69,4,2.03732423305341,0.15
70,4,-0.270359813705051,0.15
71,4,0.509416144945934,0.15
72,4,0.026362036180331,0.15
73,4,2.05320802107761,0.15
74,4,0.771222768098963,0.15
75,4,-0.0701421502635408,0.15
76,4,1.20013484657355,0.15
77,4,-0.130662218591541,0.15
78,4,0.155933305417827,0.15
79,4,1.47563846718583,0.15
80,4,-0.0902659588633818,0.15
81,4,1.22445945630295,0.15
82,4,1.63227898767135,0.15
83,4,0.910534059167377,0.15
84,4,1.53037911698431,0.15
85,4,0.638028917535426,0.15
86,4,1.34963422487684,0.15
87,4,1.9257826959882,0.15
88,4,0.969352096211688,0.15
89,4,1.06851734893035,0.15
90,4,1.90122579654802,0.15
91,4,-0.190226906122504,0.15
92,4,1.72125586513676,0.15
93,4,-0.131695912126339,0.15
94,4,0.925578753431589,0.15
95,4,2.08016319653831,0.15
96,4,0.836465051211365,0.15
97,4,2.53837022248661,0.15
98,4,-0.20390883340955,0.15
99,4,0.71960294663232,0.15
100,4,0.331358556565124,0.15
1,5,0.527358035096421,0.2
2,5,0.608687151479543,0.2
3,5,1.33868815108641,0.2
4,5,0.739929384025107,0.2
5,5,0.0098386903468651,0.2
6,5,0.126826134631179,0.2
7,5,1.57219224423027,0.2
8,5,-0.0141231436370594,0.2
9,5,0.793219974060328,0.2
10,5,-0.00478778174456296,0.2
11,5,2.26065661767239,0.2
12,5,1.53527851690558,0.2
13,5,1.75020332079653,0.2
14,5,1.32614872565948,0.2
15,5,0.907090512752212,0.2
16,5,1.38675676776647,0.2
17,5,1.7540227178999,0.2
18,5,-0.0503290139574413,0.2
19,5,0.846608220322246,0.2
20,5,0.556854510768597,0.2
21,5,0.313781231856488,0.2
22,5,0.695647957577744,0.2
23,5,0.0938150361563115,0.2
24,5,0.415607288323978,0.2
25,5,-0.0145888021549675,0.2
26,5,-0.00504756380572309,0.2
27,5,1.906548820526,0.2
28,5,1.39955975418918,0.2
29,5,-0.0515054562016645,0.2
30,5,0.0755646737745281,0.2
31,5,0.841334451881497,0.2
32,5,1.13619268005626,0.2
33,5,2.11215650228062,0.2
34,5,0.0258660992857813,0.2
35,5,1.8889358824359,0.2
36,5,0.967867743452671,0.2
37,5,1.84417731919246,0.2
38,5,0.76374852351876,0.2
39,5,1.09694492138416,0.2
40,5,0.10588518096634,0.2
41,5,0.0539826163852778,0.2
42,5,0.0304510503704092,0.2
43,5,0.495377474105743,0.2
44,5,2.97870396043147,0.2
45,5,1.13535805735323,0.2
46,5,0.485721559333165,0.2
47,5,1.14479004172834,0.2
48,5,1.00632195060108,0.2
49,5,1.94392939721597,0.2
50,5,1.34448038876143,0.2
51,5,1.49177912043431,0.2
52,5,0.0528525937765341,0.2
53,5,1.38986571235603,0.2
54,5,2.40839149868241,0.2
55,5,1.19802696142507,0.2
56,5,0.0962466762556767,0.2
57,5,0.230131473094291,0.2
58,5,1.86590816467517,0.2
59,5,0.749590043925987,0.2
60,5,1.65137214386769,0.2
61,5,1.53341277709146,0.2
62,5,0.491847591922091,0.2
63,5,1.21756850138737,0.2
64,5,0.0019767954417644,0.2
65,5,0.324546582047292,0.2
66,5,1.61163292782146,0.2
67,5,1.66917421915733,0.2
68,5,0.761500435551065,0.2
69,5,2.07853741460742,0.2
70,5,0.13282870322003,0.2
71,5,0.462273634381703,0.2
72,5,-0.0442196355995445,0.2
73,5,2.18431120754379,0.2
74,5,0.867976168341396,0.2
75,5,0.114515836293124,0.2
76,5,0.997999515114812,0.2
77,5,0.0638539505991586,0.2
78,5,0.220376977431244,0.2
79,5,1.52698758145777,0.2
80,5,0.0699782826980128,0.2
81,5,1.29208612430209,0.2
82,5,1.60648575074372,0.2
83,5,0.941197792233309,0.2
84,5,1.71888951210598,0.2
85,5,0.585790837134004,0.2
86,5,1.45055732659383,0.2
87,5,2.12163453995991,0.2
88,5,0.910081710736355,0.2
89,5,1.0567015757554,0.2
90,5,2.06056383741003,0.2
91,5,0.0993538874979557,0.2
92,5,1.767748122603,0.2
93,5,0.0395813726586639,0.2
94,5,0.832821678550249,0.2
95,5,2.33686784742776,0.2
96,5,0.956826310703474,0.2
97,5,2.8064763212512,0.2
98,5,0.0687201150730333,0.2
99,5,0.618973843232415,0.2
100,5,0.285486470359453,0.2
1,6,0.428367684966339,0.25
2,6,0.664650587765658,0.25
3,6,1.29538134274527,0.25
4,6,0.709203391803883,0.25
5,6,0.0841722796279492,0.25
6,6,0.360882741204454,0.25
7,6,1.83118595299075,0.25
8,6,0.0825581273214535,0.25
9,6,0.842875255418734,0.25
10,6,0.300266300716225,0.25
11,6,2.30905819667337,0.25
12,6,1.71161452010173,0.25
13,6,1.7055276812483,0.25
14,6,1.52177983455518,0.25
15,6,1.01313347357752,0.25
16,6,1.35229655371663,0.25
17,6,1.81245197950447,0.25
18,6,0.0230661065086146,0.25
19,6,0.845761975172834,0.25
20,6,0.486218767113753,0.25
21,6,0.31875311918122,0.25
22,6,0.572792790521197,0.25
23,6,0.0993976055586423,0.25
24,6,0.448645557689742,0.25
25,6,0.197321373267446,0.25
26,6,0.143190607178694,0.25
27,6,2.17732835891978,0.25
28,6,1.48513766366059,0.25
29,6,0.0822196391533593,0.25
30,6,0.347942895094377,0.25
31,6,0.866849009567713,0.25
32,6,1.25463087440188,0.25
33,6,2.09575021623384,0.25
34,6,0.373567020822994,0.25
35,6,2.08238394268371,0.25
36,6,0.896600079620775,0.25
37,6,1.79013455206955,0.25
38,6,0.636312967438509,0.25
39,6,1.18355766129359,0.25
40,6,0.162543076811185,0.25
41,6,0.185492180311003,0.25
42,6,0.142105632836748,0.25
43,6,0.405681707681392,0.25
44,6,3.10237565857684,0.25
45,6,1.11221833509018,0.25
46,6,0.582534410283422,0.25
47,6,1.08462093792331,0.25
48,6,1.11165304567955,0.25
49,6,1.99284504408077,0.25
50,6,1.40882587324657,0.25
51,6,1.63690010293434,0.25
52,6,0.207717047987107,0.25
53,6,1.35657025468077,0.25
54,6,2.46967065961197,0.25
55,6,1.19418438015372,0.25
56,6,0.411194855274897,0.25
57,6,0.218399241009601,0.25
58,6,1.86866585575543,0.25
59,6,0.655479340311255,0.25
60,6,1.54666251795282,0.25
61,6,1.74496054536406,0.25
62,6,0.550735718440043,0.25
63,6,1.13315386319733,0.25
64,6,0.0173160159067006,0.25
65,6,0.180100337645818,0.25
66,6,1.60540662565577,0.25
67,6,1.73418879458393,0.25
68,6,0.738561983669638,0.25
69,6,2.14963184383428,0.25
70,6,0.493655881185032,0.25
71,6,0.405672422631888,0.25
72,6,-0.186727805245868,0.25
73,6,2.19181538253139,0.25
74,6,0.95743491577192,0.25
75,6,0.129498527960665,0.25
76,6,1.07454630063592,0.25
77,6,0.182650736917569,0.25
78,6,0.19899023886846,0.25
79,6,1.48610465476652,0.25
80,6,0.247091149678395,0.25
81,6,1.39460079593233,0.25
82,6,1.64880703925331,0.25
83,6,1.19030039121565,0.25
84,6,1.8526401341645,0.25
85,6,0.561045153232612,0.25
86,6,1.66268527202454,0.25
87,6,2.24155863772666,0.25
88,6,0.787311815071414,0.25
89,6,1.08181659083882,0.25
90,6,2.33073266666355,0.25
91,6,0.317690813888849,0.25
92,6,1.87379593698385,0.25
93,6,0.286867310392019,0.25
94,6,0.903912968638164,0.25
95,6,2.4930330835447,0.25
96,6,0.979305616721578,0.25
97,6,3.09126714447276,0.25
98,6,0.440134336300271,0.25
99,6,0.449929992637879,0.25
100,6,0.310606625577596,0.25
1,7,0.527921511975352,0.3
2,7,0.549476085752352,0.3
3,7,1.16777452283804,0.3
4,7,0.589161387351578,0.3
5,7,0.451273339194894,0.3
6,7,0.810604257984264,0.3
7,7,1.8867532308557,0.3
8,7,0.218287364449275,0.3
9,7,0.948254882605853,0.3
10,7,0.284159787116739,0.3
11,7,2.43489349706206,0.3
12,7,1.77732442390352,0.3
13,7,1.72448935899342,0.3
14,7,1.59203130711434,0.3
15,7,0.913828037941993,0.3
16,7,1.21019703673915,0.3
17,7,1.78284867564005,0.3
18,7,0.0192212607948085,0.3
19,7,0.893627751491762,0.3
20,7,0.397761374648724,0.3
21,7,0.165963256053836,0.3
22,7,0.569808499938885,0.3
23,7,0.150108799690734,0.3
24,7,0.374335154587039,0.3
25,7,0.272836213103177,0.3
26,7,0.0340299585400179,0.3
27,7,2.22509658989187,0.3
28,7,1.66041123769103,0.3
29,7,0.0637569433555281,0.3
30,7,0.669406631916393,0.3
31,7,0.794140139616976,0.3
32,7,1.20021242356316,0.3
33,7,2.13090516983183,0.3
34,7,0.583811968082939,0.3
35,7,2.16033880654216,0.3
36,7,0.810217767803734,0.3
37,7,1.84692829413469,0.3
38,7,0.595954335203367,0.3
39,7,1.22946870220195,0.3
40,7,0.349867224916847,0.3
41,7,0.207133260336757,0.3
42,7,0.302576639120601,0.3
43,7,0.412523719454741,0.3
44,7,3.11805975171324,0.3
45,7,1.0647437625573,0.3
46,7,0.600644178459875,0.3
47,7,1.08695767610221,0.3
48,7,1.00749766521988,0.3
49,7,1.99386567850779,0.3
50,7,1.42958849167147,0.3
51,7,1.73499061334053,0.3
52,7,0.40572056259548,0.3
53,7,1.4689846572275,0.3
54,7,2.55198255144304,0.3
55,7,1.29039228918458,0.3
56,7,0.828717004033123,0.3
57,7,0.261028537383453,0.3
58,7,1.85502352956432,0.3
59,7,0.688986301568676,0.3
60,7,1.61261221925741,0.3
61,7,1.79823054057548,0.3
62,7,0.487238730003607,0.3
63,7,1.23802359959681,0.3
64,7,0.107585471825867,0.3
65,7,0.27935531131208,0.3
66,7,1.61699463668669,0.3
67,7,1.85984085832779,0.3
68,7,0.596116536942595,0.3
69,7,2.1587689931186,0.3
70,7,0.849692243381182,0.3
71,7,0.473427972767215,0.3
72,7,-0.163896598744065,0.3
73,7,2.234794251412,0.3
74,7,0.950532511294455,0.3
75,7,0.298656362343637,0.3
76,7,1.01406249929893,0.3
77,7,0.375751323878073,0.3
78,7,0.200582521862768,0.3
79,7,1.63580845254807,0.3
80,7,0.430717816816649,0.3
81,7,1.55865458635871,0.3
82,7,1.76176162998775,0.3
83,7,1.19086991879608,0.3
84,7,2.03548617758515,0.3
85,7,0.504060824151615,0.3
86,7,1.81010424157218,0.3
87,7,2.44530017021873,0.3
88,7,0.806194071582891,0.3
89,7,1.15051528477672,0.3
90,7,2.46774844822759,0.3
91,7,0.709063190439448,0.3
92,7,1.92035423700426,0.3
93,7,0.405016898966202,0.3
94,7,0.943176630161763,0.3
95,7,2.62899457544392,0.3
96,7,1.02195824833809,0.3
97,7,3.32272873447887,0.3
98,7,0.776535083746516,0.3
99,7,0.55674192179897,0.3
100,7,0.244735902552839,0.3
1,8,0.47375947036564,0.35
2,8,0.547159191853891,0.35
3,8,1.11533872084124,0.35
4,8,0.668135259845694,0.35
5,8,0.725742300887648,0.35
6,8,1.13301827700203,0.35
7,8,1.98311506791022,0.35
8,8,0.204883341206321,0.35
9,8,0.859136270769854,0.35
10,8,0.489538643955039,0.35
11,8,2.39996510664718,0.35
12,8,1.81738331069375,0.35
13,8,1.83387188832224,0.35
14,8,1.63703647639971,0.35
15,8,1.04212574102293,0.35
16,8,1.18465228032099,0.35
17,8,1.91977045905558,0.35
18,8,-0.0395979864607171,0.35
19,8,0.892954948750139,0.35
20,8,0.419892211413061,0.35
21,8,0.241514747739743,0.35
22,8,0.450435606543054,0.35
23,8,0.163119967399578,0.35
24,8,0.373837722298008,0.35
25,8,0.422943766041683,0.35
26,8,-0.0243515444077777,0.35
27,8,2.32113652631589,0.35
28,8,1.66700110845494,0.35
29,8,0.193088219114377,0.35
30,8,1.03408239096534,0.35
31,8,0.692841906004738,0.35
32,8,1.13153659772664,0.35
33,8,2.22531090695713,0.35
34,8,0.841196517982417,0.35
35,8,2.33122892567247,0.35
36,8,0.786560122331162,0.35
37,8,1.93349660184371,0.35
38,8,0.514477398818077,0.35
39,8,1.23552138299277,0.35
40,8,0.462961816461477,0.35
41,8,0.360039448344815,0.35
42,8,0.473648312870323,0.35
43,8,0.416361210730896,0.35
44,8,3.20924840830287,0.35
45,8,1.05215681763955,0.35
46,8,0.521519147823828,0.35
47,8,1.14765484988612,0.35
48,8,1.17027974093391,0.35
49,8,2.10087955804463,0.35
50,8,1.40711045323678,0.35
51,8,1.57386435211452,0.35
52,8,0.627285299742152,0.35
53,8,1.42198692636677,0.35
54,8,2.58545481970916,0.35
55,8,1.26028949486704,0.35
56,8,1.05846750244768,0.35
57,8,0.203879827735969,0.35
58,8,1.97878818286137,0.35
59,8,0.58175021928886,0.35
60,8,1.60838579894597,0.35
61,8,1.9901481060253,0.35
62,8,0.430034615153313,0.35
63,8,1.20422163885976,0.35
64,8,0.31655526375122,0.35
65,8,0.228302743887292,0.35
66,8,1.66662770147728,0.35
67,8,1.74491280435137,0.35
68,8,0.62740602099756,0.35
69,8,2.23554420644331,0.35
70,8,1.23869600196527,0.35
71,8,0.372422832865074,0.35
72,8,-0.0691222166841691,0.35
73,8,2.219178089827,0.35
74,8,0.914102386942132,0.35
75,8,0.315665759920497,0.35
76,8,1.03593235720582,0.35
77,8,0.469609000317329,0.35
78,8,0.187605710939913,0.35
79,8,1.56636800547126,0.35
80,8,0.62035052996076,0.35
81,8,1.47559315932427,0.35
82,8,1.75533639405903,0.35
83,8,1.25397259698612,0.35
84,8,2.12608427644137,0.35
85,8,0.542816541904489,0.35
86,8,1.81765335227943,0.35
87,8,2.51394540714198,0.35
88,8,0.744794312236895,0.35
89,8,1.1701366569585,0.35
90,8,2.64345434004812,0.35
91,8,0.888250530364295,0.35
92,8,1.88450721436938,0.35
93,8,0.651884153175692,0.35
94,8,0.910504992723603,0.35
95,8,2.69732038766501,0.35
96,8,0.974063065612678,0.35
97,8,3.38280134957904,0.35
98,8,1.20210591435274,0.35
99,8,0.464183706047718,0.35
100,8,0.33510502942573,0.35
1,9,0.402461229078976,0.4
2,9,0.514026173042314,0.4
3,9,1.10232342131797,0.4
4,9,0.682585059034354,0.4
5,9,0.695598750502034,0.4
6,9,1.36325767925996,0.4
7,9,1.96053536251987,0.4
8,9,0.112492796012677,0.4
9,9,0.934771964466209,0.4
10,9,0.49942774450009,0.4
11,9,2.4597252246048,0.4
12,9,1.81359264912484,0.4
13,9,1.76763086492388,0.4
14,9,1.70704867238408,0.4
15,9,1.04870518784389,0.4
16,9,1.11600428846441,0.4
17,9,1.84481397099183,0.4
18,9,-0.0366734324184114,0.4
19,9,0.838763293830183,0.4
20,9,0.374826891198406,0.4
21,9,0.27355908881841,0.4
22,9,0.597348554392809,0.4
23,9,0.364641299769583,0.4
24,9,0.335167704989033,0.4
25,9,0.480408315297704,0.4
26,9,0.0946371069954123,0.4
27,9,2.27807040391638,0.4
28,9,1.67355213861798,0.4
29,9,0.219077664302691,0.4
30,9,1.17484087815704,0.4
31,9,0.752121962785609,0.4
32,9,1.1893544714812,0.4
33,9,2.25402832364292,0.4
34,9,1.0439451157217,0.4
35,9,2.24017832009004,0.4
36,9,0.76424819937342,0.4
37,9,1.94664770581985,0.4
38,9,0.56488930130166,0.4
39,9,1.18869905851085,0.4
40,9,0.620073318064558,0.4
41,9,0.368378042597591,0.4
42,9,0.571997349855106,0.4
43,9,0.578843020495263,0.4
44,9,3.21221643193032,0.4
45,9,0.992146056619054,0.4
46,9,0.618835444975736,0.4
47,9,1.21727462826068,0.4
48,9,1.15521721299405,0.4
49,9,2.04151214526336,0.4
50,9,1.50811462929048,0.4
51,9,1.63921450641247,0.4
52,9,0.731536081469762,0.4
53,9,1.37352360008942,0.4
54,9,2.53949280112972,0.4
55,9,1.28719267180304,0.4
56,9,1.28285311574548,0.4
57,9,0.228582147369205,0.4
58,9,1.98291879409098,0.4
59,9,0.689515580139335,0.4
60,9,1.57204449625644,0.4
61,9,1.77708444715195,0.4
62,9,0.376539522579325,0.4
63,9,1.16965526202042,0.4
64,9,0.321050616635234,0.4
65,9,0.199412596368201,0.4
66,9,1.75584752307162,0.4
67,9,1.81835433176078,0.4
68,9,0.627553073518054,0.4
69,9,2.12904263017384,0.4
70,9,1.5106931784931,0.4
71,9,0.334782760411247,0.4
72,9,-0.162236068453221,0.4
73,9,2.27290533469927,0.4
74,9,0.954628295333099,0.4
75,9,0.39028503512442,0.4
76,9,0.897520862402102,0.4
77,9,0.575094199453759,0.4
78,9,0.111440471786889,0.4
79,9,1.67041175578171,0.4
80,9,0.690105774306802,0.4
81,9,1.56429138260315,0.4
82,9,1.74001126417851,0.4
83,9,1.26201154036437,0.4
84,9,2.13264017254586,0.4
85,9,0.560182519261175,0.4
86,9,1.81120075023734,0.4
87,9,2.49851763257382,0.4
88,9,0.690944449855753,0.4
89,9,1.15407921012358,0.4
90,9,2.54932518748571,0.4
91,9,1.12531329054986,0.4
92,9,1.92075064594393,0.4
93,9,0.830875140537833,0.4
94,9,0.980409198327895,0.4
95,9,2.77110848721225,0.4
96,9,0.965431407508103,0.4
97,9,3.42887221794387,0.4
98,9,1.31745368993052,0.4
99,9,0.50293756878823,0.4
100,9,0.243442685059464,0.4
1,10,0.349250906590834,0.45
2,10,0.451192664074963,0.45
3,10,1.00572972889191,0.45
4,10,0.672102248330475,0.45
5,10,0.78908828074331,0.45
6,10,1.41615338535019,0.45
7,10,1.84470206129737,0.45
8,10,0.262593951342085,0.45
9,10,0.970003229998341,0.45
10,10,0.469649791473393,0.45
11,10,2.4786685038686,0.45
12,10,1.85796371420894,0.45
13,10,1.80904772432325,0.45
14,10,1.61469489114656,0.45
15,10,1.11433324199341,0.45
16,10,1.05136642724558,0.45
17,10,1.90278842187681,0.45
18,10,-0.118585249832163,0.45
19,10,0.832468782222673,0.45
20,10,0.471713433348213,0.45
21,10,0.242484712805307,0.45
22,10,0.590803952000418,0.45
23,10,0.305482134801956,0.45
24,10,0.194886892250907,0.45
25,10,0.381659914552615,0.45
26,10,0.0372305647059447,0.45
27,10,2.2883324499834,0.45
28,10,1.62557079815951,0.45
29,10,0.31350479291459,0.45
30,10,1.08570998360975,0.45
31,10,0.742733357971417,0.45
32,10,1.25891020937912,0.45
33,10,2.14628410963491,0.45
34,10,1.10669572466416,0.45
35,10,2.1919951466756,0.45
36,10,0.822426579681981,0.45
37,10,1.94292940392843,0.45
38,10,0.515067221806554,0.45
39,10,1.16848211065803,0.45
40,10,0.551573625471511,0.45
41,10,0.450010479373075,0.45
42,10,0.736717301240654,0.45
43,10,0.355589519672693,0.45
44,10,3.20406609920716,0.45
45,10,1.01813972626572,0.45
46,10,0.622792057617862,0.45
47,10,1.19043938969353,0.45
48,10,1.15347929399263,0.45
49,10,2.12530039656318,0.45
50,10,1.51574677941231,0.45
51,10,1.63625646293758,0.45
52,10,0.783637610219731,0.45
53,10,1.43425128514624,0.45
54,10,2.52476881668966,0.45
55,10,1.2776444517208,0.45
56,10,1.3379342244867,0.45
57,10,0.198624683702651,0.45
58,10,1.88298473508779,0.45
59,10,0.73503376280239,0.45
60,10,1.77657563932788,0.45
61,10,1.81833160551086,0.45
62,10,0.491825928718987,0.45
63,10,1.18762815645444,0.45
64,10,0.334514902587227,0.45
65,10,0.317901800209764,0.45
66,10,1.74208365305294,0.45
67,10,1.71992475740234,0.45
68,10,0.59765813082674,0.45
69,10,2.20197475686015,0.45
70,10,1.58683079780372,0.45
71,10,0.517883696229061,0.45
72,10,-0.209925415821267,0.45
73,10,2.24815757452264,0.45
74,10,0.854530454529086,0.45
75,10,0.373722642952353,0.45
76,10,0.912721841717371,0.45
77,10,0.674995863545348,0.45
78,10,0.284561221961652,0.45
79,10,1.52846922594235,0.45
80,10,0.653951208394544,0.45
81,10,1.42827560940175,0.45
82,10,1.72116934049817,0.45
83,10,1.1755371618455,0.45
84,10,2.07303575496576,0.45
85,10,0.521394476313848,0.45
86,10,1.86992360616325,0.45
87,10,2.43082928337499,0.45
88,10,0.773467232622984,0.45
89,10,1.22518232465514,0.45
90,10,2.40305390573107,0.45
91,10,1.04916691196774,0.45
92,10,1.9958628336329,0.45
93,10,0.798021653146434,0.45
94,10,0.959277422843706,0.45
95,10,2.62132656174001,0.45
96,10,0.919653586645609,0.45
97,10,3.37353102389698,0.45
98,10,1.35872612967548,0.45
99,10,0.55337126208069,0.45
100,10,0.244105707596471,0.45
1,11,0.400580273674636,0.5
2,11,0.512536539102379,0.5
3,11,1.06635500985884,0.5
4,11,0.621866260987293,0.5
5,11,0.704047278911335,0.5
6,11,1.36417560305986,0.5
7,11,1.83477431737776,0.5
8,11,0.117117471971637,0.5
9,11,0.957956182003091,0.5
10,11,0.596166033357253,0.5
11,11,2.4838915758414,0.5
12,11,1.76917202274093,0.5
13,11,1.76696430271327,0.5
14,11,1.51384738577597,0.5
15,11,1.02343054924452,0.5
16,11,1.16360340434395,0.5
17,11,1.78175861279877,0.5
18,11,0.0206607203536493,0.5
19,11,0.783121201033038,0.5
20,11,0.423593687830205,0.5
21,11,0.248760355930618,0.5
22,11,0.519244183802585,0.5
23,11,0.234233489085797,0.5
24,11,0.323813255272209,0.5
25,11,0.409971587683403,0.5
26,11,0.0130661852205309,0.5
27,11,2.11571556528781,0.5
28,11,1.58951014920127,0.5
29,11,0.230988120379299,0.5
30,11,1.09187703380345,0.5
31,11,0.681399667746103,0.5
32,11,1.18169203842695,0.5
33,11,2.15499792954703,0.5
34,11,1.12349704744688,0.5
35,11,2.07196444710702,0.5
36,11,0.822482162259326,0.5
37,11,1.87022885280243,0.5
38,11,0.680699396260542,0.5
39,11,1.26036285074872,0.5
40,11,0.57029156095299,0.5
41,11,0.484101767497674,0.5
42,11,0.57465018159581,0.5
43,11,0.468934095931689,0.5
44,11,3.3174806556122,0.5
45,11,0.977391312637782,0.5
46,11,0.625378241127894,0.5
47,11,1.08810062397257,0.5
48,11,1.15259863016996,0.5
49,11,2.09732362784434,0.5
50,11,1.42838115350752,0.5
51,11,1.72431409569543,0.5
52,11,0.641407081896798,0.5
53,11,1.39745050939112,0.5
54,11,2.55829089421145,0.5
55,11,1.22436737303886,0.5
56,11,1.2900725902534,0.5
57,11,0.160458558527383,0.5
58,11,1.95872089445621,0.5
59,11,0.699086995069823,0.5
60,11,1.58305548141228,0.5
61,11,1.71083795685925,0.5
62,11,0.376050559978281,0.5
63,11,1.29179864130284,0.5
64,11,0.246885263256275,0.5
65,11,0.176337951569149,0.5
66,11,1.77476115551692,0.5
67,11,1.82724980515556,0.5
68,11,0.617831122045166,0.5
69,11,2.23814093866366,0.5
70,11,1.49349975428245,0.5
71,11,0.423430133758415,0.5
72,11,-0.211326727814879,0.5
73,11,2.29909815894663,0.5
74,11,0.854489423079654,0.5
75,11,0.48104687523356,0.5
76,11,0.906858403761286,0.5
77,11,0.580670094782593,0.5
78,11,0.163137916676469,0.5
79,11,1.62779161316747,0.5
80,11,0.61764708196822,0.5
81,11,1.51645363728109,0.5
82,11,1.79875855062522,0.5
83,11,1.21354532334842,0.5
84,11,1.83192124153058,0.5
85,11,0.54245752985224,0.5
86,11,1.70275229436362,0.5
87,11,2.34067566366643,0.5
88,11,0.830312894100112,0.5
89,11,1.14256660596876,0.5
90,11,2.39431090153277,0.5
91,11,1.00563520704285,0.5
92,11,1.80819676195431,0.5
93,11,0.730806520469271,0.5
94,11,0.938167393756218,0.5
95,11,2.53542719810738,0.5
96,11,0.993932390547766,0.5
97,11,3.26867785409305,0.5
98,11,1.22403917105402,0.5
99,11,0.513607834290269,0.5
100,11,0.300099728944976,0.5
1,12,0.414180469051932,0.55
2,12,0.498113690469873,0.55
3,12,1.07903761504185,0.55
4,12,0.703798937707899,0.55
5,12,0.679083738798261,0.55
6,12,1.18493918531931,0.55
7,12,1.74085557640577,0.55
8,12,0.0948754674802971,0.55
9,12,0.808722352737698,0.55
10,12,0.446103200736114,0.55
11,12,2.43130316922505,0.55
12,12,1.61343364099858,0.55
13,12,1.78047287670903,0.55
14,12,1.56640528280061,0.55
15,12,1.05366483630767,0.55
16,12,1.20322143617734,0.55
17,12,1.82945061517223,0.55
18,12,-0.0417794118178554,0.55
19,12,0.82927328236502,0.55
20,12,0.485848496015038,0.55
21,12,0.277520648983572,0.55
22,12,0.494124408056858,0.55
23,12,0.224079133714349,0.55
24,12,0.283031598381614,0.55
25,12,0.375976635846395,0.55
26,12,0.0165009150586792,0.55
27,12,2.01837056176946,0.55
28,12,1.40046655858187,0.55
29,12,0.208865240466168,0.55
30,12,1.07789625619174,0.55
31,12,0.726037051073546,0.55
32,12,1.19119606315663,0.55
33,12,2.17558805210947,0.55
34,12,0.886187639882429,0.55
35,12,2.0244162382134,0.55
36,12,0.801169372221691,0.55
37,12,1.96269744139832,0.55
38,12,0.546578528776151,0.55
39,12,1.22006667911974,0.55
40,12,0.553375848612799,0.55
41,12,0.377795320424872,0.55
42,12,0.510125256989444,0.55
43,12,0.387130319616579,0.55
44,12,3.15056761773633,0.55
45,12,1.01843991828752,0.55
46,12,0.493147736260991,0.55
47,12,1.10629656137944,0.55
48,12,1.24880042212247,0.55
49,12,2.1544481590403,0.55
50,12,1.35779727191453,0.55
51,12,1.64854323625393,0.55
52,12,0.585278879394143,0.55
53,12,1.44593485962594,0.55
54,12,2.53786177131104,0.55
55,12,1.2562057681069,0.55
56,12,1.13335457203328,0.55
57,12,0.319407862185092,0.55
58,12,1.9198306389416,0.55
59,12,0.711442409136446,0.55
60,12,1.69484440799578,0.55
61,12,1.69720093339449,0.55
62,12,0.493958580195708,0.55
63,12,1.20717225344544,0.55
64,12,0.230273197392232,0.55
65,12,0.311841040339012,0.55
66,12,1.67633547473015,0.55
67,12,1.86807530232512,0.55
68,12,0.560476399119531,0.55
69,12,2.22071830819466,0.55
70,12,1.32237891039786,0.55
71,12,0.550972295657289,0.55
72,12,-0.152547388470029,0.55
73,12,2.33641993180042,0.55
74,12,0.737572696482673,0.55
75,12,0.300856003672737,0.55
76,12,1.01423144888813,0.55
77,12,0.495637698291783,0.55
78,12,0.241443977104435,0.55
79,12,1.66547415796874,0.55
80,12,0.464284494275562,0.55
81,12,1.3585637267998,0.55
82,12,1.81751491867367,0.55
83,12,1.22262256056296,0.55
84,12,1.87911963529855,0.55
85,12,0.524193866931757,0.55
86,12,1.65363079296854,0.55
87,12,2.2687518953683,0.55
88,12,0.811655881860674,0.55
89,12,1.15476773028762,0.55
90,12,2.29079731102363,0.55
91,12,0.91596752261559,0.55
92,12,1.9148980444474,0.55
93,12,0.700262311310241,0.55
94,12,0.925707508867026,0.55
95,12,2.38558381714053,0.55
96,12,1.09530503139463,0.55
97,12,2.92190512719458,0.55
98,12,1.1074162983192,0.55
99,12,0.533192802779347,0.55
100,12,0.363140852747337,0.55
1,13,0.454330053560969,0.6
2,13,0.609636954051866,0.6
3,13,1.24231125567919,0.6
4,13,0.664149634331305,0.6
5,13,0.571992580095684,0.6
6,13,1.04134592353498,0.6
7,13,1.59704080223561,0.6
8,13,0.133613799830222,0.6
9,13,0.981209004666118,0.6
10,13,0.349858876515864,0.6
11,13,2.43939136659618,0.6
12,13,1.54141803228173,0.6
13,13,1.76856760886827,0.6
14,13,1.50168324507346,0.6
15,13,1.03168245748661,0.6
16,13,1.24546748742548,0.6
17,13,1.93466220461499,0.6
18,13,0.0108557052703923,0.6
19,13,0.949040974541904,0.6
20,13,0.468043025424269,0.6
21,13,0.304558012863491,0.6
22,13,0.435534798245995,0.6
23,13,0.352136480791326,0.6
24,13,0.373474542693987,0.6
25,13,0.378580085275016,0.6
26,13,0.0412006026367227,0.6
27,13,1.87421426715313,0.6
28,13,1.30798347823888,0.6
29,13,0.188004525856769,0.6
30,13,0.866101984581732,0.6
31,13,0.802263287083287,0.6
32,13,1.30384711505031,0.6
33,13,2.13204988828963,0.6
34,13,0.695691976176842,0.6
35,13,1.84675489192553,0.6
36,13,0.866496422322467,0.6
37,13,1.92592908648229,0.6
38,13,0.614962061864342,0.6
39,13,1.2247119066215,0.6
40,13,0.445336998651591,0.6
41,13,0.262636713987839,0.6
42,13,0.534341204932483,0.6
43,13,0.397065146944444,0.6
44,13,3.15992139407265,0.6
45,13,1.05151321169561,0.6
46,13,0.504500520618517,0.6
47,13,0.998389830481159,0.6
48,13,1.05383579046505,0.6
49,13,2.11075585549188,0.6
50,13,1.21320264671604,0.6
51,13,1.58532352906579,0.6
52,13,0.516671770626965,0.6
53,13,1.36411856951604,0.6
54,13,2.51300475544415,0.6
55,13,1.40761009931795,0.6
56,13,0.972700078124687,0.6
57,13,0.201640139799358,0.6
58,13,2.0604249934323,0.6
59,13,0.614965098888982,0.6
60,13,1.64526335888359,0.6
61,13,1.50761721570999,0.6
62,13,0.450340827075127,0.6
63,13,1.25190348358045,0.6
64,13,0.221086491276392,0.6
65,13,0.260578155317365,0.6
66,13,1.65943909191498,0.6
67,13,1.80430792184598,0.6
68,13,0.64744675634687,0.6
69,13,2.18617672169207,0.6
70,13,1.14013454756178,0.6
71,13,0.460606614431716,0.6
72,13,-0.188737473105786,0.6
73,13,2.25520734196883,0.6
74,13,0.708165281388791,0.6
75,13,0.263393806494047,0.6
76,13,0.895691759939928,0.6
77,13,0.418785195321415,0.6
78,13,0.244454893531212,0.6
79,13,1.56478251971184,0.6
80,13,0.445016516453872,0.6
81,13,1.29851906721701,0.6
82,13,1.78002761391423,0.6
83,13,1.1236482052005,0.6
84,13,1.72874258997504,0.6
85,13,0.543918091913969,0.6
86,13,1.53411707809798,0.6
87,13,2.16437479610394,0.6
88,13,0.718034648513297,0.6
89,13,1.17536088130652,0.6
90,13,2.18633104665206,0.6
91,13,0.750075451884255,0.6
92,13,1.99178750892903,0.6
93,13,0.603140520329379,0.6
94,13,1.00443299001396,0.6
95,13,2.27206791082242,0.6
96,13,0.974555968325372,0.6
97,13,2.83205580685083,0.6
98,13,0.877909524664057,0.6
99,13,0.595421861070477,0.6
100,13,0.291700191621269,0.6
1,14,0.451009826560796,0.65
2,14,0.534666976470023,0.65
3,14,1.28453273974576,0.65
4,14,0.667172628659373,0.65
5,14,0.486896487085718,0.65
6,14,0.902039616829731,0.65
7,14,1.57383888971536,0.65
8,14,0.191701326186582,0.65
9,14,0.839440976184597,0.65
10,14,0.325344270162496,0.65
11,14,2.40262717105139,0.65
12,14,1.55254129473403,0.65
13,14,1.83045833750718,0.65
14,14,1.30256373872097,0.65
15,14,0.979078934414123,0.65
16,14,1.22793375568035,0.65
17,14,1.80894306476643,0.65
18,14,0.0560849809296964,0.65
19,14,0.978550605179805,0.65
20,14,0.469618115766045,0.65
21,14,0.226848943135883,0.65
22,14,0.557763752662776,0.65
23,14,0.126919579977584,0.65
24,14,0.400182328092178,0.65
25,14,0.26854290605838,0.65
26,14,-0.0329605256615944,0.65
27,14,1.85072622833145,0.65
28,14,1.41947974070373,0.65
29,14,0.214895299690035,0.65
30,14,0.814465250184082,0.65
31,14,0.727889773503949,0.65
32,14,1.17295016412656,0.65
33,14,2.11605094065799,0.65
34,14,0.677647876137527,0.65
35,14,1.83660865776026,0.65
36,14,0.924167059267226,0.65
37,14,1.98122624812124,0.65
38,14,0.637710281079154,0.65
39,14,1.24511130094951,0.65
40,14,0.384191913867853,0.65
41,14,0.189518568881343,0.65
42,14,0.33220000768681,0.65
43,14,0.487601091898851,0.65
44,14,3.13339499495164,0.65
45,14,1.04360790749477,0.65
46,14,0.424877940843443,0.65
47,14,0.989205122457137,0.65
48,14,1.16505196960013,0.65
49,14,2.02426452477302,0.65
50,14,1.16635607052703,0.65
51,14,1.63083287759576,0.65
52,14,0.418218095370891,0.65
53,14,1.44741549848731,0.65
54,14,2.53960161686401,0.65
55,14,1.28816882425744,0.65
56,14,0.831412597844647,0.65
57,14,0.237198074303738,0.65
58,14,1.85994369958616,0.65
59,14,0.689738010101607,0.65
60,14,1.60488133909094,0.65
61,14,1.53443519554402,0.65
62,14,0.403671790233277,0.65
63,14,1.22985253579219,0.65
64,14,0.184836295998355,0.65
65,14,0.174764523616267,0.65
66,14,1.73548051948025,0.65
67,14,1.80874026838625,0.65
68,14,0.704965647801702,0.65
69,14,2.15360246698955,0.65
70,14,0.952157702512869,0.65
71,14,0.488995942167531,0.65
72,14,-0.115791760522461,0.65
73,14,2.23167101168241,0.65
74,14,0.827095154644763,0.65
75,14,0.254806776687442,0.65
76,14,0.981050975436006,0.65
77,14,0.380331055148143,0.65
78,14,0.166639114194982,0.65
79,14,1.53173582399565,0.65
80,14,0.441194188752384,0.65
81,14,1.31603847340637,0.65
82,14,1.77754944126836,0.65
83,14,1.03786388554332,0.65
84,14,1.63897834845745,0.65
85,14,0.614996233443063,0.65
86,14,1.57795001682213,0.65
87,14,2.03461756733806,0.65
88,14,0.803321455425352,0.65
89,14,1.28138581510057,0.65
90,14,2.1302007181215,0.65
91,14,0.722606733093796,0.65
92,14,1.87340214354307,0.65
93,14,0.508127937632239,0.65
94,14,0.972268973574671,0.65
95,14,2.21843377696783,0.65
96,14,0.950470896309788,0.65
97,14,2.82444624815223,0.65
98,14,0.76439452001593,0.65
99,14,0.534449042992,0.65
100,14,0.390813516429514,0.65
1,15,0.421880791111285,0.7
2,15,0.61702755278283,0.7
3,15,1.34028525081863,0.7
4,15,0.71569011834287,0.7
5,15,0.451429177930847,0.7
6,15,0.687135981150231,0.7
7,15,1.57762294777397,0.7
8,15,0.118399981911111,0.7
9,15,0.956735097676655,0.7
10,15,0.279874836734584,0.7
11,15,2.34558190032486,0.7
12,15,1.48930950961499,0.7
13,15,1.68508580320892,0.7
14,15,1.38285633457203,0.7
15,15,0.979959523551179,0.7
16,15,1.35431443837347,0.7
17,15,1.91338867322818,0.7
18,15,-0.0927290758498109,0.7
19,15,1.02906922249616,0.7
20,15,0.41184105647625,0.7
21,15,0.255901618481498,0.7
22,15,0.653167273289598,0.7
23,15,0.194896636677532,0.7
24,15,0.440936588262234,0.7
25,15,0.261090037276639,0.7
26,15,0.0476223874524786,0.7
27,15,1.81129639368644,0.7
28,15,1.43127601997674,0.7
29,15,0.238430477792273,0.7
30,15,0.663305292596539,0.7
31,15,0.872054184772913,0.7
32,15,1.17158396809434,0.7
33,15,2.18372127741573,0.7
34,15,0.537932386514631,0.7
35,15,1.70506497981839,0.7
36,15,0.947969665540874,0.7
37,15,1.85672328360475,0.7
38,15,0.70198926594226,0.7
39,15,1.19100414202921,0.7
40,15,0.307105366683357,0.7
41,15,0.35488794934047,0.7
42,15,0.37552199623425,0.7
43,15,0.493210190294337,0.7
44,15,3.27063954079814,0.7
45,15,1.13420236772493,0.7
46,15,0.507186072801412,0.7
47,15,1.01143610459603,0.7
48,15,1.08568392792621,0.7
49,15,2.067868834765,0.7
50,15,1.26502798376141,0.7
51,15,1.57649230767102,0.7
52,15,0.388970193386076,0.7
53,15,1.41030686712618,0.7
54,15,2.51696416681031,0.7
55,15,1.23522347173221,0.7
56,15,0.741823098105224,0.7
57,15,0.23734986778575,0.7
58,15,1.74275151426576,0.7
59,15,0.642190528367239,0.7
60,15,1.61456219846719,0.7
61,15,1.50775532366861,0.7
62,15,0.501218526061344,0.7
63,15,1.1290061521259,0.7
64,15,0.222782433722745,0.7
65,15,0.305894599049062,0.7
66,15,1.71774643624154,0.7
67,15,1.79056600023382,0.7
68,15,0.701408657055992,0.7
69,15,2.07281195720182,0.7
70,15,0.893846292049816,0.7
71,15,0.451293057830347,0.7
72,15,-0.0986718790557457,0.7
73,15,2.2329139345095,0.7
74,15,0.688152108620354,0.7
75,15,0.107314771603672,0.7
76,15,1.08912402480368,0.7
77,15,0.296340449804243,0.7
78,15,0.224690874815126,0.7
79,15,1.56303387697798,0.7
80,15,0.375319715723958,0.7
81,15,1.18692097269232,0.7
82,15,1.77569169846683,0.7
83,15,0.906554714008916,0.7
84,15,1.73881607364035,0.7
85,15,0.557281389478242,0.7
86,15,1.48848978813898,0.7
87,15,2.0564137447971,0.7
88,15,0.892915184296017,0.7
89,15,1.19104013540587,0.7
90,15,2.037273116618,0.7
91,15,0.666505664197399,0.7
92,15,1.84059216326726,0.7
93,15,0.496561204974867,0.7
94,15,0.887038122720642,0.7
95,15,2.20192571021826,0.7
96,15,0.897748374291713,0.7
97,15,2.88547232650767,0.7
98,15,0.720577829688694,0.7
99,15,0.703610745584211,0.7
100,15,0.286123393997829,0.7
1,16,0.605107507340215,0.75
2,16,0.694200896414252,0.75
3,16,1.37501624489659,0.75
4,16,0.821385259925836,0.75
5,16,0.536543202423916,0.75
6,16,0.966565997694005,0.75
7,16,1.72201026554783,0.75
8,16,0.145386947942931,0.75
9,16,0.945458825386134,0.75
10,16,0.372193696476612,0.75
11,16,2.37115523405028,0.75
12,16,1.49678700768446,0.75
13,16,1.68969067512067,0.75
14,16,1.37791390997406,0.75
15,16,0.942582379830124,0.75
16,16,1.44153156074953,0.75
17,16,1.83774714344763,0.75
18,16,-0.0916931012668607,0.75
19,16,1.02623222802116,0.75
20,16,0.596123812478151,0.75
21,16,0.283827393161859,0.75
22,16,0.703296901206566,0.75
23,16,0.108184977107592,0.75
24,16,0.467033119979211,0.75
25,16,0.317419637022676,0.75
26,16,0.153119042311898,0.75
27,16,1.85032501242452,0.75
28,16,1.38738608455142,0.75
29,16,0.153971685851725,0.75
30,16,0.856314500068265,0.75
31,16,0.869870215913369,0.75
32,16,1.22251152153428,0.75
33,16,2.15377208053549,0.75
34,16,0.661310515468458,0.75
35,16,1.8439634033679,0.75
36,16,1.01985199222363,0.75
37,16,1.96724651468002,0.75
38,16,0.67434586422845,0.75
39,16,1.25137144062803,0.75
40,16,0.386439765417937,0.75
41,16,0.182135781323061,0.75
42,16,0.323046532955651,0.75
43,16,0.423635701350599,0.75
44,16,3.15702923925546,0.75
45,16,1.26284606731618,0.75
46,16,0.500325222359258,0.75
47,16,0.995872810655785,0.75
48,16,1.02596438418895,0.75
49,16,1.95268934305638,0.75
50,16,1.21679971916474,0.75
51,16,1.61272463562676,0.75
52,16,0.470695180096617,0.75
53,16,1.44940635195307,0.75
54,16,2.52489538336078,0.75
55,16,1.24501080400843,0.75
56,16,0.703867028974435,0.75
57,16,0.281650510099455,0.75
58,16,1.90556611692847,0.75
59,16,0.84261687869878,0.75
60,16,1.58644962450143,0.75
61,16,1.46659927173273,0.75
62,16,0.679173949411163,0.75
63,16,1.14585460967532,0.75
64,16,0.258027636006674,0.75
65,16,0.199109150751824,0.75
66,16,1.62459047298285,0.75
67,16,1.808694055934,0.75
68,16,0.790597909790632,0.75
69,16,2.17506116011254,0.75
70,16,0.984101413807226,0.75
71,16,0.606141748557885,0.75
72,16,-0.0985191806590248,0.75
73,16,2.28569495388756,0.75
74,16,0.746864541016052,0.75
75,16,0.27163758755964,0.75
76,16,1.08434596758744,0.75
77,16,0.442339311990057,0.75
78,16,0.28389096941834,0.75
79,16,1.66609311300302,0.75
80,16,0.46041623608055,0.75
81,16,1.19427516012823,0.75
82,16,1.74209559713011,0.75
83,16,0.890104813435882,0.75
84,16,1.75395416674,0.75
85,16,0.730596800493402,0.75
86,16,1.50021430092855,0.75
87,16,1.98719056578968,0.75
88,16,1.04614265320187,0.75
89,16,1.2309346278416,0.75
90,16,2.08231403352595,0.75
91,16,0.775437533341404,0.75
92,16,1.87823303183167,0.75
93,16,0.465369394344889,0.75
94,16,1.02555321728131,0.75
95,16,2.22334653804952,0.75
96,16,0.955745639587119,0.75
97,16,2.71804097702063,0.75
98,16,0.793725849209552,0.75
99,16,0.636640920209781,0.75
100,16,0.355163872355502,0.75
1,17,0.535450015486941,0.8
2,17,0.732651764882282,0.8
3,17,1.54748557845116,0.8
4,17,0.904823366495028,0.8
5,17,0.537140971360493,0.8
6,17,1.07537896883559,0.8
7,17,1.59400608624537,0.8
8,17,0.14471329745018,0.8
9,17,0.807230160792487,0.8
10,17,0.517243587192308,0.8
11,17,2.42666351139524,0.8
12,17,1.56384669714755,0.8
13,17,1.7549619992446,0.8
14,17,1.37408373104394,0.8
15,17,1.02014907962716,0.8
16,17,1.58411723926213,0.8
17,17,1.78954673378764,0.8
18,17,-0.0047372225514248,0.8
19,17,1.02812919344603,0.8
20,17,0.610119222464314,0.8
21,17,0.377338173213352,0.8
22,17,0.691330519047585,0.8
23,17,0.239688812183906,0.8
24,17,0.603075200612639,0.8
25,17,0.373803202250263,0.8
26,17,-0.0470898097801941,0.8
27,17,1.89720901652619,0.8
28,17,1.39959467478706,0.8
29,17,0.240882315290893,0.8
30,17,0.966785814899678,0.8
31,17,0.950689819225325,0.8
32,17,1.24230754415045,0.8
33,17,2.12615239937209,0.8
34,17,0.881118739359224,0.8
35,17,1.88171359766387,0.8
36,17,1.19735796166605,0.8
37,17,1.86345224183509,0.8
38,17,0.712447941950817,0.8
39,17,1.15599420504721,0.8
40,17,0.400764236853373,0.8
41,17,0.321345378430882,0.8
42,17,0.435208648572501,0.8
43,17,0.452276042427801,0.8
44,17,3.15737790681117,0.8
45,17,1.30391836227015,0.8
46,17,0.466319740349969,0.8
47,17,0.964717961473484,0.8
48,17,1.03261529298413,0.8
49,17,1.96720319243923,0.8
50,17,1.1610372237377,0.8
51,17,1.5766186360903,0.8
52,17,0.626206863581034,0.8
53,17,1.50234325803036,0.8
54,17,2.51367361519108,0.8
55,17,1.25889079672919,0.8
56,17,1.06768259083143,0.8
57,17,0.196609488711593,0.8
58,17,1.89810498596712,0.8
59,17,0.819192174800194,0.8
60,17,1.62819981017756,0.8
61,17,1.51434739902215,0.8
62,17,0.715008307601843,0.8
63,17,1.15364316306552,0.8
64,17,0.324772085101922,0.8
65,17,0.367946604443449,0.8
66,17,1.68867655212062,0.8
67,17,1.78121109657614,0.8
68,17,0.802796019880684,0.8
69,17,2.10351535936603,0.8
70,17,1.16045830980773,0.8
71,17,0.614012417964146,0.8
72,17,-0.11397787528176,0.8
73,17,2.20639804809858,0.8
74,17,0.823077257981147,0.8
75,17,0.272917389568947,0.8
76,17,1.27458113779204,0.8
77,17,0.467067012120673,0.8
78,17,0.28521116280549,0.8
79,17,1.54884849650568,0.8
80,17,0.581123727898666,0.8
81,17,1.2884686763893,0.8
82,17,1.7037922717549,0.8
83,17,1.03826816898601,0.8
84,17,1.75324903596818,0.8
85,17,0.695410460016275,0.8
86,17,1.44242022891825,0.8
87,17,1.96953445947109,0.8
88,17,0.950800442800123,0.8
89,17,1.12053302494622,0.8
90,17,2.11727847406996,0.8
91,17,0.813073711989161,0.8
92,17,1.81080864941964,0.8
93,17,0.693405722229764,0.8
94,17,0.991280798496589,0.8
95,17,2.19897466957112,0.8
96,17,0.871315803299311,0.8
97,17,2.76171418839946,0.8
98,17,1.01810064883079,0.8
99,17,0.696294032244214,0.8
100,17,0.357661976611396,0.8
1,18,0.573032483637903,0.85
2,18,0.755835241822468,0.85
3,18,1.57835215061749,0.85
4,18,0.876915651515926,0.85
5,18,0.787249550646714,0.85
6,18,1.33815808404513,0.85
7,18,1.52713115459297,0.85
8,18,0.191186934259066,0.85
9,18,0.8645437830759,0.85
10,18,0.502590826166984,0.85
11,18,2.37228793933302,0.85
12,18,1.54165550315137,0.85
13,18,1.76889374793167,0.85
14,18,1.38368540670857,0.85
15,18,0.995462656945381,0.85
16,18,1.75956846348621,0.85
17,18,1.79730797769341,0.85
18,18,-0.012183826100077,0.85
19,18,1.16269762279204,0.85
20,18,0.654100102781532,0.85
21,18,0.368529131489253,0.85
22,18,0.869979096713507,0.85
23,18,0.343360585477418,0.85
24,18,0.538830562006998,0.85
25,18,0.435054386196287,0.85
26,18,0.10067496701067,0.85
27,18,1.9248722280707,0.85
28,18,1.43892542666672,0.85
29,18,0.219958449534755,0.85
30,18,1.18925176790206,0.85
31,18,1.13844662184245,0.85
32,18,1.17255149073108,0.85
33,18,2.10805515857646,0.85
34,18,1.07100212261389,0.85
35,18,1.91686885593645,0.85
36,18,1.122588538498,0.85
37,18,1.94736616905427,0.85
38,18,0.920511138644511,0.85
39,18,1.16760235663523,0.85
40,18,0.61626999307243,0.85
41,18,0.431287369427853,0.85
42,18,0.577759324066056,0.85
43,18,0.416007534059103,0.85
44,18,3.13654072568885,0.85
45,18,1.51298551697655,0.85
46,18,0.445318041680457,0.85
47,18,0.970507731327264,0.85
48,18,0.96908680481205,0.85
49,18,2.06070820464942,0.85
50,18,1.28120918288283,0.85
51,18,1.57264305426799,0.85
52,18,0.806110418367846,0.85
53,18,1.36522901681269,0.85
54,18,2.56042968396377,0.85
55,18,1.25246786168363,0.85
56,18,1.4103606483555,0.85
57,18,0.203174609757106,0.85
58,18,1.87857680278551,0.85
59,18,0.955487769521651,0.85
60,18,1.58386280893588,0.85
61,18,1.60488970091296,0.85
62,18,0.698438346551729,0.85
63,18,1.10001124518341,0.85
64,18,0.31621726061137,0.85
65,18,0.431291379427094,0.85
66,18,1.56993739096038,0.85
67,18,1.7827140015392,0.85
68,18,0.833968432418237,0.85
69,18,2.0721080306591,0.85
70,18,1.56229659921631,0.85
71,18,0.701420562625866,0.85
72,18,-0.215984560223864,0.85
73,18,2.07504708070087,0.85
74,18,0.799365874481953,0.85
75,18,0.546598079001231,0.85
76,18,1.40651642181214,0.85
77,18,0.610401542836246,0.85
78,18,0.243410385955189,0.85
79,18,1.57310238825142,0.85
80,18,0.73646894616372,0.85
81,18,1.26793328578908,0.85
82,18,1.67208257829488,0.85
83,18,1.02873570226808,0.85
84,18,1.74846625215289,0.85
85,18,0.759427033820552,0.85
86,18,1.48194398355297,0.85
87,18,2.02670420810226,0.85
88,18,1.13489703711472,0.85
89,18,1.17084924799395,0.85
90,18,2.05371160013962,0.85
91,18,1.18584551464433,0.85
92,18,1.75496900657915,0.85
93,18,0.879429200778743,0.85
94,18,0.926330455865182,0.85
95,18,2.17164770510833,0.85
96,18,0.984385927180145,0.85
97,18,2.90265505826378,0.85
98,18,1.36642038864243,0.85
99,18,0.77016131850513,0.85
100,18,0.502924667153082,0.85
1,19,0.580479259125127,0.9
2,19,0.837542862616168,0.9
3,19,1.86512473967205,0.9
4,19,1.03949157727217,0.9
5,19,1.0071963948465,0.9
6,19,1.89736362717059,0.9
7,19,1.58423340541946,0.9
8,19,0.356290194924101,0.9
9,19,0.91262887961917,0.9
10,19,0.633464462321279,0.9
11,19,2.32546199193591,0.9
12,19,1.54267545033488,0.9
13,19,1.70803325254508,0.9
14,19,1.39748960885572,0.9
15,19,0.93511019681731,0.9
16,19,1.90478428832718,0.9
17,19,1.72706761494381,0.9
18,19,-0.133427789690606,0.9
19,19,1.45774623661442,0.9
20,19,0.713562527944456,0.9
21,19,0.44217369730102,0.9
22,19,0.890744413531856,0.9
23,19,0.401820135303063,0.9
24,19,0.623420658980193,0.9
25,19,0.710975061223831,0.9
26,19,0.0907323603944789,0.9
27,19,1.8523637613583,0.9
28,19,1.31621060380727,0.9
29,19,0.279717883800186,0.9
30,19,1.57476710909282,0.9
31,19,1.18913773151258,0.9
32,19,1.17609639864218,0.9
33,19,2.15140998419843,0.9
34,19,1.45415543122469,0.9
35,19,1.79413038444238,0.9
36,19,1.36086825466426,0.9
37,19,1.78045356548754,0.9
38,19,0.979028599670872,0.9
39,19,1.24859422517104,0.9
40,19,0.767496941735054,0.9
41,19,0.572839878050377,0.9
42,19,0.844286803422,0.9
43,19,0.384218289180032,0.9
44,19,3.04995579315769,0.9
45,19,1.65630026768519,0.9
46,19,0.468855054103155,0.9
47,19,1.06709270028006,0.9
48,19,1.0961336297633,0.9
49,19,2.0628383338958,0.9
50,19,1.12613626658134,0.9
51,19,1.57671076667572,0.9
52,19,0.870708272659128,0.9
53,19,1.40743540632848,0.9
54,19,2.54551880087961,0.9
55,19,1.26503801447095,0.9
56,19,1.78064835240973,0.9
57,19,0.195483722429917,0.9
58,19,1.78809714843014,0.9
59,19,1.05037321459835,0.9
60,19,1.50056686123614,0.9
61,19,1.50534394336406,0.9
62,19,0.700543992524507,0.9
63,19,1.1049345290007,0.9
64,19,0.439347965120337,0.9
65,19,0.401078975820744,0.9
66,19,1.61887576403145,0.9
67,19,1.74544917108473,0.9
68,19,0.961752367189548,0.9
69,19,2.19809656231776,0.9
70,19,2.01130346654229,0.9
71,19,0.741312427732815,0.9
72,19,-0.241846800920054,0.9
73,19,2.14836115742431,0.9
74,19,0.805529247683934,0.9
75,19,0.587196225041848,0.9
76,19,1.57696808527396,0.9
77,19,0.784422134607578,0.9
78,19,0.259879634498556,0.9
79,19,1.4643685048539,0.9
80,19,0.976973720741971,0.9
81,19,1.30047190014696,0.9
82,19,1.76589060442979,0.9
83,19,0.987235430712001,0.9
84,19,1.67253869699663,0.9
85,19,0.866368830248063,0.9
86,19,1.57653211253908,0.9
87,19,1.94435922981364,0.9
88,19,1.25588946799295,0.9
89,19,1.05941593664437,0.9
90,19,2.02802384137724,0.9
91,19,1.47791528796325,0.9
92,19,1.79566823948428,0.9
93,19,1.08241235967839,0.9
94,19,1.01699598993157,0.9
95,19,2.29411318307545,0.9
96,19,0.945680343300318,0.9
97,19,2.70212068254513,0.9
98,19,1.78951044046268,0.9
99,19,0.898668530919174,0.9
100,19,0.415094206671216,0.9
1,20,0.67279172171902,0.95
2,20,0.997738352288504,0.95
3,20,2.02136690892989,0.95
4,20,1.09257335037084,0.95
5,20,1.13876398299648,0.95
6,20,2.18927985085236,0.95
7,20,1.48480373668795,0.95
8,20,0.314722954233645,0.95
9,20,0.785729033884967,0.95
10,20,0.863622963268423,0.95
11,20,2.31234749158882,0.95
12,20,1.3587419187507,0.95
13,20,1.70587625420326,0.95
14,20,1.34311773798766,0.95
15,20,0.909503120142134,0.95
16,20,2.1651750190557,0.95
17,20,1.74031070107314,0.95
18,20,-0.0930666082453616,0.95
19,20,1.46680528607208,0.95
20,20,0.799758266735455,0.95
21,20,0.437627592753692,0.95
22,20,0.948503546222049,0.95
23,20,0.496107645763254,0.95
24,20,0.649219363425457,0.95
25,20,0.71017657236297,0.95
26,20,0.212469654007412,0.95
27,20,1.83584468924308,0.95
28,20,1.24918204539481,0.95
29,20,0.456724239942359,0.95
30,20,1.87863669364514,0.95
31,20,1.34738040995581,0.95
32,20,1.22809215334718,0.95
33,20,2.06986847257982,0.95
34,20,1.5930573419113,0.95
35,20,1.6520743310478,0.95
36,20,1.56447533355158,0.95
37,20,1.774214147146,0.95
38,20,1.12556929783952,0.95
39,20,1.16790466201802,0.95
40,20,0.92615164431826,0.95
41,20,0.702449077940824,0.95
42,20,0.983308406224701,0.95
43,20,0.439732324788363,0.95
44,20,3.01144353013047,0.95
45,20,1.79979660632306,0.95
46,20,0.479031499921734,0.95
47,20,0.903954815141938,0.95
48,20,1.09502068088114,0.95
49,20,1.96059849830356,0.95
50,20,1.18134208381232,0.95
51,20,1.538937789614,0.95
52,20,1.17742891518286,0.95
53,20,1.37973760238369,0.95
54,20,2.46758471605826,0.95
55,20,1.15103193441456,0.95
56,20,2.09032735947652,0.95
57,20,0.25744995658802,0.95
58,20,1.79941591961326,0.95
59,20,1.20237858894016,0.95
60,20,1.52909223227358,0.95
61,20,1.43643207387635,0.95
62,20,0.758927486018343,0.95
63,20,1.22096170040909,0.95
64,20,0.525966944211194,0.95
65,20,0.465085640391653,0.95
66,20,1.55014963028528,0.95
67,20,1.79100770039288,0.95
68,20,1.07500997020734,0.95
69,20,2.04640634930269,0.95
70,20,2.37445354392073,0.95
71,20,0.847521901607973,0.95
72,20,-0.274575667506143,0.95
73,20,2.18309018636208,0.95
74,20,0.720052254660654,0.95
75,20,0.710229161105575,0.95
76,20,1.74085609301047,0.95
77,20,0.898325426848557,0.95
78,20,0.381321284294909,0.95
79,20,1.55804547654644,0.95
80,20,1.08688239627721,0.95
81,20,1.21630153973983,0.95
82,20,1.7574897095793,0.95
83,20,0.969822927816657,0.95
84,20,1.67263247971283,0.95
85,20,0.915805003802914,0.95
86,20,1.45960770744483,0.95
87,20,1.96766091217711,0.95
88,20,1.39030329736751,0.95
89,20,1.23156372651415,0.95
90,20,1.88150843994783,0.95
91,20,1.76598158872431,0.95
92,20,1.68768655544726,0.95
93,20,1.30474628012176,0.95
94,20,0.852808890929901,0.95
95,20,2.11768680189425,0.95
96,20,1.07415842337256,0.95
97,20,2.69058339676524,0.95
98,20,2.15395953993031,0.95
99,20,0.986581084158101,0.95
100,20,0.605915970580518,0.95
1,21,0.759825312551118,1
2,21,1.00776389017855,1
3,21,2.21230143924792,1
4,21,1.24038084360255,1
5,21,1.37644748581037,1
6,21,2.54012900399539,1
7,21,1.32548516316351,1
8,21,0.380144876505374,1
9,21,0.844546908568431,1
10,21,0.98567904053021,1
11,21,2.35984044243795,1
12,21,1.30480447482792,1
13,21,1.76095188642424,1
14,21,1.07182019735711,1
15,21,0.912351448459266,1
16,21,2.3190981281632,1
17,21,1.79714817128604,1
18,21,-0.0631001184806854,1
19,21,1.62430762014413,1
20,21,0.91290711418678,1
21,21,0.448216145453087,1
22,21,1.0292509445343,1
23,21,0.546238136897994,1
24,21,0.800501824658509,1
25,21,0.835203654892578,1
26,21,0.0618507360264584,1
27,21,1.57865380311773,1
28,21,1.16513549543954,1
29,21,0.37240533463496,1
30,21,2.05922949469792,1
31,21,1.50453096245614,1
32,21,1.12718569767334,1
33,21,2.08339425730079,1
34,21,1.74941683398488,1
35,21,1.64624336626777,1
36,21,1.59631833627333,1
37,21,1.79775481856038,1
38,21,1.16957911676659,1
39,21,1.14400181761535,1
40,21,1.05426418292154,1
41,21,0.766304676190854,1
42,21,1.13452224896001,1
43,21,0.36980425986609,1
44,21,3.02740165879724,1
45,21,1.9916297169322,1
46,21,0.289526736437648,1
47,21,0.93426869824635,1
48,21,1.0791724435224,1
49,21,1.93918747434612,1
50,21,0.940185135132717,1
51,21,1.50302913308029,1
52,21,1.29836740193148,1
53,21,1.24062254725502,1
54,21,2.46098511839172,1
55,21,1.25107445618127,1
56,21,2.32910564009652,1
57,21,0.178115169924449,1
58,21,1.81701508604535,1
59,21,1.35871618776791,1
60,21,1.52747483392354,1
61,21,1.30420625719512,1
62,21,0.811179355750401,1
63,21,1.14161439757859,1
64,21,0.547294378488824,1
65,21,0.571139732430464,1
66,21,1.54527308248816,1
67,21,1.69420021103064,1
68,21,1.22846568284348,1
69,21,2.05365026361669,1
70,21,2.75061207701185,1
71,21,0.874933146403976,1
72,21,-0.343520177230879,1
73,21,2.15306321919516,1
74,21,0.65738583845493,1
75,21,0.859005237355899,1
76,21,1.75813056166949,1
77,21,1.11291833475143,1
78,21,0.393397081289464,1
79,21,1.5340090921466,1
80,21,1.15091613760338,1
81,21,1.10407139757958,1
82,21,1.70614601762345,1
83,21,0.876954558579249,1
84,21,1.60078120250972,1
85,21,1.00809294474085,1
86,21,1.34342437242909,1
87,21,1.76201667515847,1
88,21,1.57531960518323,1
89,21,1.15905282972527,1
90,21,1.74019205323757,1
91,21,1.99867431434874,1
92,21,1.74000456281931,1
93,21,1.36699694906934,1
94,21,0.819255623158262,1
95,21,1.92957475649107,1
96,21,0.9368867387834,1
97,21,2.306623850746,1
98,21,2.32685418052034,1
99,21,1.01354846628866,1
100,21,0.538821278055292,1
